id,cliente_id,valor,data,intervalo
227,2,-2.0,2019-11-28 16:58:24-03:00,0 days 00:00:19
228,2,-2.0,2019-11-28 16:58:44-03:00,0 days 00:00:20
232,2,-2.0,2019-11-30 11:38:49-03:00,0 days 00:00:35
245,2,-2.0,2019-12-03 16:48:51-03:00,0 days 00:00:20
246,2,-2.0,2019-12-03 16:49:08-03:00,0 days 00:00:17
247,2,-2.0,2019-12-03 16:49:40-03:00,0 days 00:00:32
250,2,-2.0,2019-12-03 22:21:54-03:00,0 days 00:01:56
251,2,-2.0,2019-12-03 22:23:02-03:00,0 days 00:01:08
252,2,-2.0,2019-12-03 22:23:20-03:00,0 days 00:00:18
255,2,-2.0,2019-12-04 06:28:49-03:00,0 days 00:01:18
393,2,-2.0,2020-01-20 10:45:19-03:00,0 days 00:00:41
394,2,-2.0,2020-01-20 10:46:59-03:00,0 days 00:01:40
1619,2,-1.0,2020-11-26 12:31:58-03:00,0 days 00:00:42
1623,2,-1.0,2020-11-26 13:13:14-03:00,0 days 00:00:21
1892,2,-1.0,2020-12-03 20:52:22-03:00,0 days 00:00:31
48,4,-3.0,2019-09-19 17:32:22-03:00,0 days 00:00:19
51,4,-3.0,2019-09-23 07:42:06-03:00,0 days 00:01:54
57,4,-800.0,2019-09-23 19:46:31-03:00,0 days 00:01:41
322,4,-3.0,2019-12-11 12:50:43-03:00,0 days 00:01:57
323,4,-3.0,2019-12-11 12:51:23-03:00,0 days 00:00:40
510,4,-3.0,2020-03-09 09:50:09-03:00,0 days 00:00:40
514,4,-3.0,2020-03-16 11:11:56-03:00,0 days 00:01:03
516,4,-3.0,2020-03-19 13:09:48-03:00,0 days 00:01:31
527,4,-3.0,2020-03-24 10:12:03-03:00,0 days 00:00:47
536,4,-15.0,2020-05-04 23:16:29-03:00,0 days 00:01:08
669,4,-5.0,2020-06-28 12:36:28-03:00,0 days 00:01:54
754,4,-3.0,2020-08-08 18:04:53-03:00,0 days 00:00:40
757,4,-5.0,2020-08-16 14:01:48-03:00,0 days 00:00:41
758,4,-5.0,2020-08-16 14:02:53-03:00,0 days 00:01:05
783,4,-5.0,2020-08-18 10:17:12-03:00,0 days 00:00:36
784,4,-10.0,2020-08-18 10:17:55-03:00,0 days 00:00:43
797,4,-50.0,2020-08-18 22:18:14-03:00,0 days 00:00:18
814,4,-5.0,2020-08-19 16:10:28-03:00,0 days 00:00:25
815,4,-5.0,2020-08-19 16:10:52-03:00,0 days 00:00:24
816,4,-20.0,2020-08-19 16:11:16-03:00,0 days 00:00:24
827,4,-5.0,2020-08-21 18:18:22-03:00,0 days 00:01:47
837,4,-50.0,2020-08-23 22:16:16-03:00,0 days 00:00:37
838,4,-50.0,2020-08-23 22:16:38-03:00,0 days 00:00:22
839,4,-50.0,2020-08-23 22:16:56-03:00,0 days 00:00:18
840,4,-50.0,2020-08-23 22:17:16-03:00,0 days 00:00:20
841,4,-50.0,2020-08-23 22:18:07-03:00,0 days 00:00:51
861,4,-25.0,2020-08-26 21:58:17-03:00,0 days 00:01:04
862,4,-25.0,2020-08-26 21:59:06-03:00,0 days 00:00:49
863,4,-25.0,2020-08-26 21:59:44-03:00,0 days 00:00:38
864,4,-25.0,2020-08-26 22:00:18-03:00,0 days 00:00:34
865,4,-25.0,2020-08-26 22:00:36-03:00,0 days 00:00:18
867,4,-15.0,2020-08-26 22:05:23-03:00,0 days 00:00:33
894,4,-10.0,2020-08-28 16:47:15-03:00,0 days 00:01:22
895,4,-100.0,2020-08-28 16:47:29-03:00,0 days 00:00:14
896,4,-10.0,2020-08-28 16:49:27-03:00,0 days 00:01:58
897,4,-50.0,2020-08-28 16:49:40-03:00,0 days 00:00:13
898,4,-10.0,2020-08-28 16:50:28-03:00,0 days 00:00:48
899,4,-50.0,2020-08-28 16:50:38-03:00,0 days 00:00:10
900,4,-50.0,2020-08-28 16:51:23-03:00,0 days 00:00:45
1070,4,-20.0,2020-08-31 20:28:53-03:00,0 days 00:00:32
1105,4,-1000.0,2020-09-11 15:23:04-03:00,0 days 00:00:33
1217,4,-1.0,2020-09-17 17:45:04-03:00,0 days 00:00:24
1226,4,-1000.0,2020-09-24 15:29:14-03:00,0 days 00:00:32
1495,4,-1.0,2020-11-22 11:05:42-03:00,0 days 00:00:23
1561,4,-1.0,2020-11-24 23:29:12-03:00,0 days 00:00:31
1566,4,-100.0,2020-11-25 00:36:32-03:00,0 days 00:00:25
1567,4,-100.0,2020-11-25 00:37:05-03:00,0 days 00:00:33
1572,4,-1.0,2020-11-25 00:54:15-03:00,0 days 00:00:45
1573,4,-1000.0,2020-11-25 00:54:50-03:00,0 days 00:00:35
3049,4,-3.0,2021-01-20 16:46:19-03:00,0 days 00:01:00
3052,4,-3.0,2021-01-20 16:50:34-03:00,0 days 00:00:41
3053,4,-3.0,2021-01-20 16:51:02-03:00,0 days 00:00:28
217,44,-1.0,2019-11-27 16:14:46-03:00,0 days 00:00:34
218,44,-5.0,2019-11-27 16:15:09-03:00,0 days 00:00:23
222,44,-1.0,2019-11-27 21:54:57-03:00,0 days 00:01:29
223,44,-1.0,2019-11-27 21:55:50-03:00,0 days 00:00:53
257,44,-1.0,2019-12-04 14:42:12-03:00,0 days 00:00:20
440,44,-1.0,2020-01-29 23:03:03-03:00,0 days 00:01:43
4711,44,-1.0,2021-07-26 18:01:23-03:00,0 days 00:00:07
4712,44,-1.0,2021-07-26 18:01:34-03:00,0 days 00:00:11
4837,44,-1.0,2021-07-31 11:06:46-03:00,0 days 00:00:49
98,73,-19.0,2019-10-02 12:22:41-03:00,0 days 00:01:30
162,73,-5.0,2019-11-10 15:31:46-03:00,0 days 00:01:47
238,73,-50.0,2019-11-30 18:40:26-03:00,0 days 00:01:27
262,73,-10.0,2019-12-05 10:02:07-03:00,0 days 00:00:27
269,73,-10.0,2019-12-07 18:20:09-03:00,0 days 00:00:51
270,73,-10.0,2019-12-07 18:21:00-03:00,0 days 00:00:51
271,73,-10.0,2019-12-07 18:21:38-03:00,0 days 00:00:38
272,73,-15.0,2019-12-07 18:22:25-03:00,0 days 00:00:47
273,73,-10.0,2019-12-07 18:23:05-03:00,0 days 00:00:40
326,73,-50.0,2019-12-15 10:24:08-03:00,0 days 00:01:50
329,73,-100.0,2019-12-17 14:22:21-03:00,0 days 00:00:33
333,73,-50.0,2019-12-19 23:52:00-03:00,0 days 00:01:08
1803,73,-100.0,2020-12-01 17:56:59-03:00,0 days 00:00:39
1905,73,-50.0,2020-12-03 21:27:46-03:00,0 days 00:01:19
1959,73,-1.0,2020-12-08 17:44:57-03:00,0 days 00:01:12
2063,73,-20.0,2020-12-09 15:43:28-03:00,0 days 00:01:58
2084,73,-1.0,2020-12-09 18:57:37-03:00,0 days 00:00:17
2085,73,-1.0,2020-12-09 18:58:23-03:00,0 days 00:00:46
2096,73,-1.0,2020-12-09 20:41:56-03:00,0 days 00:00:28
2097,73,-1.0,2020-12-09 20:42:14-03:00,0 days 00:00:18
2098,73,-1.0,2020-12-09 20:42:41-03:00,0 days 00:00:27
2104,73,-1.0,2020-12-09 21:14:04-03:00,0 days 00:00:28
2115,73,-1.0,2020-12-09 21:44:05-03:00,0 days 00:00:46
2116,73,-1.0,2020-12-09 21:45:22-03:00,0 days 00:01:17
2138,73,-2.0,2020-12-10 18:40:35-03:00,0 days 00:01:07
2185,73,-1.0,2020-12-10 22:51:39-03:00,0 days 00:00:29
2186,73,-1.0,2020-12-10 22:53:21-03:00,0 days 00:01:42
2187,73,-1.0,2020-12-10 22:53:44-03:00,0 days 00:00:23
2188,73,-1.0,2020-12-10 22:54:19-03:00,0 days 00:00:35
2189,73,-1.0,2020-12-10 22:54:49-03:00,0 days 00:00:30
2191,73,-1.0,2020-12-10 22:59:41-03:00,0 days 00:01:40
2192,73,-1.0,2020-12-10 23:00:02-03:00,0 days 00:00:21
2193,73,-1.0,2020-12-10 23:00:31-03:00,0 days 00:00:29
2194,73,-1.0,2020-12-10 23:01:08-03:00,0 days 00:00:37
2195,73,-1.0,2020-12-10 23:02:48-03:00,0 days 00:01:40
2215,73,-1.0,2020-12-11 18:38:29-03:00,0 days 00:00:46
2216,73,-1.0,2020-12-11 18:38:54-03:00,0 days 00:00:25
2226,73,-5.0,2020-12-11 19:11:49-03:00,0 days 00:00:30
2230,73,-3.0,2020-12-11 19:25:41-03:00,0 days 00:00:18
2231,73,-1.0,2020-12-11 19:26:10-03:00,0 days 00:00:29
2232,73,-1.0,2020-12-11 19:26:27-03:00,0 days 00:00:17
2233,73,-1.0,2020-12-11 19:26:50-03:00,0 days 00:00:23
2234,73,-1.0,2020-12-11 19:27:23-03:00,0 days 00:00:33
2237,73,-1.0,2020-12-11 19:33:38-03:00,0 days 00:00:16
2238,73,-1.0,2020-12-11 19:34:32-03:00,0 days 00:00:54
2239,73,-1.0,2020-12-11 19:34:56-03:00,0 days 00:00:24
2243,73,-1.0,2020-12-11 20:09:50-03:00,0 days 00:00:26
2244,73,-1.0,2020-12-11 20:10:19-03:00,0 days 00:00:29
2245,73,-2.0,2020-12-11 20:11:03-03:00,0 days 00:00:44
2246,73,-1.0,2020-12-11 20:11:27-03:00,0 days 00:00:24
2247,73,-1.0,2020-12-11 20:11:44-03:00,0 days 00:00:17
2248,73,-1.0,2020-12-11 20:12:14-03:00,0 days 00:00:30
2249,73,-1.0,2020-12-11 20:12:44-03:00,0 days 00:00:30
2250,73,-1.0,2020-12-11 20:13:05-03:00,0 days 00:00:21
2251,73,-1.0,2020-12-11 20:13:21-03:00,0 days 00:00:16
2252,73,-1.0,2020-12-11 20:13:46-03:00,0 days 00:00:25
2253,73,-1.0,2020-12-11 20:14:17-03:00,0 days 00:00:31
2254,73,-1.0,2020-12-11 20:14:45-03:00,0 days 00:00:28
2256,73,-1.0,2020-12-11 20:21:13-03:00,0 days 00:00:22
2257,73,-1.0,2020-12-11 20:21:39-03:00,0 days 00:00:26
2261,73,-3.0,2020-12-11 20:36:09-03:00,0 days 00:01:29
2262,73,-1.0,2020-12-11 20:36:41-03:00,0 days 00:00:32
2263,73,-1.0,2020-12-11 20:37:01-03:00,0 days 00:00:20
2264,73,-1.0,2020-12-11 20:37:40-03:00,0 days 00:00:39
2265,73,-1.0,2020-12-11 20:38:12-03:00,0 days 00:00:32
2266,73,-1.0,2020-12-11 20:38:58-03:00,0 days 00:00:46
2267,73,-1.0,2020-12-11 20:39:21-03:00,0 days 00:00:23
2268,73,-1.0,2020-12-11 20:39:47-03:00,0 days 00:00:26
2270,73,-1.0,2020-12-11 20:43:39-03:00,0 days 00:00:35
2271,73,-1.0,2020-12-11 20:44:11-03:00,0 days 00:00:32
2272,73,-1.0,2020-12-11 20:44:37-03:00,0 days 00:00:26
2273,73,-1.0,2020-12-11 20:45:12-03:00,0 days 00:00:35
2274,73,-1.0,2020-12-11 20:45:30-03:00,0 days 00:00:18
2275,73,-1.0,2020-12-11 20:45:55-03:00,0 days 00:00:25
2278,73,-1.0,2020-12-11 21:03:08-03:00,0 days 00:00:23
2279,73,-1.0,2020-12-11 21:03:58-03:00,0 days 00:00:50
2280,73,-2.0,2020-12-11 21:04:17-03:00,0 days 00:00:19
2281,73,-2.0,2020-12-11 21:04:54-03:00,0 days 00:00:37
2282,73,-1.0,2020-12-11 21:06:52-03:00,0 days 00:01:58
2283,73,-1.0,2020-12-11 21:08:14-03:00,0 days 00:01:22
2284,73,-1.0,2020-12-11 21:08:43-03:00,0 days 00:00:29
2286,73,-2.0,2020-12-11 21:08:59-03:00,0 days 00:00:16
2287,73,-2.0,2020-12-11 21:10:30-03:00,0 days 00:01:31
2288,73,-1.0,2020-12-11 21:11:00-03:00,0 days 00:00:30
2289,73,-9.0,2020-12-11 21:11:33-03:00,0 days 00:00:33
2294,73,-2.0,2020-12-11 21:26:51-03:00,0 days 00:00:26
2295,73,-2.0,2020-12-11 21:27:35-03:00,0 days 00:00:44
2297,73,-2.0,2020-12-11 21:28:50-03:00,0 days 00:01:15
2298,73,-1.0,2020-12-11 21:29:16-03:00,0 days 00:00:26
2299,73,-5.0,2020-12-11 21:29:58-03:00,0 days 00:00:42
2300,73,-5.0,2020-12-11 21:30:31-03:00,0 days 00:00:33
2301,73,-2.0,2020-12-11 21:31:24-03:00,0 days 00:00:53
2302,73,-2.0,2020-12-11 21:32:13-03:00,0 days 00:00:49
2303,73,-2.0,2020-12-11 21:32:50-03:00,0 days 00:00:37
2304,73,-2.0,2020-12-11 21:33:26-03:00,0 days 00:00:36
2305,73,-5.0,2020-12-11 21:33:55-03:00,0 days 00:00:29
2306,73,-1.0,2020-12-11 21:34:23-03:00,0 days 00:00:28
2307,73,-1.0,2020-12-11 21:34:52-03:00,0 days 00:00:29
2308,73,-4.0,2020-12-11 21:35:21-03:00,0 days 00:00:29
2309,73,-4.0,2020-12-11 21:35:44-03:00,0 days 00:00:23
2310,73,-4.0,2020-12-11 21:36:26-03:00,0 days 00:00:42
2311,73,-5.0,2020-12-11 21:37:54-03:00,0 days 00:01:28
2312,73,-2.0,2020-12-11 21:38:29-03:00,0 days 00:00:35
2315,73,-1.0,2020-12-11 22:01:20-03:00,0 days 00:00:17
2316,73,-2.0,2020-12-11 22:01:47-03:00,0 days 00:00:27
2317,73,-5.0,2020-12-11 22:02:12-03:00,0 days 00:00:25
2318,73,-1.0,2020-12-11 22:02:44-03:00,0 days 00:00:32
2320,73,-1.0,2020-12-11 22:06:04-03:00,0 days 00:00:20
2321,73,-1.0,2020-12-11 22:06:29-03:00,0 days 00:00:25
2360,73,-3.0,2020-12-12 18:24:06-03:00,0 days 00:00:27
2361,73,-2.0,2020-12-12 18:24:28-03:00,0 days 00:00:22
2363,73,-2.0,2020-12-12 18:49:51-03:00,0 days 00:01:33
2365,73,-2.0,2020-12-12 18:59:27-03:00,0 days 00:00:30
2368,73,-2.0,2020-12-12 19:12:41-03:00,0 days 00:01:57
2371,73,-1.0,2020-12-12 19:18:58-03:00,0 days 00:00:49
2380,73,-4.0,2020-12-12 19:44:46-03:00,0 days 00:00:32
2384,73,-1.0,2020-12-12 19:50:57-03:00,0 days 00:00:39
2385,73,-2.0,2020-12-12 19:51:19-03:00,0 days 00:00:22
2386,73,-5.0,2020-12-12 19:51:48-03:00,0 days 00:00:29
2387,73,-10.0,2020-12-12 19:52:12-03:00,0 days 00:00:24
2392,73,-10.0,2020-12-12 20:10:06-03:00,0 days 00:00:24
2395,73,-3.0,2020-12-12 20:10:59-03:00,0 days 00:00:53
2396,73,-4.0,2020-12-12 20:12:46-03:00,0 days 00:01:47
2397,73,-2.0,2020-12-12 20:13:06-03:00,0 days 00:00:20
2406,73,-2.0,2020-12-12 20:32:10-03:00,0 days 00:00:56
2408,73,-1.0,2020-12-12 20:32:30-03:00,0 days 00:00:20
2410,73,-1.0,2020-12-12 20:33:19-03:00,0 days 00:00:49
2411,73,-1.0,2020-12-12 20:34:03-03:00,0 days 00:00:44
2412,73,-10.0,2020-12-12 20:34:27-03:00,0 days 00:00:24
2413,73,-5.0,2020-12-12 20:36:03-03:00,0 days 00:01:36
2414,73,-3.0,2020-12-12 20:37:29-03:00,0 days 00:01:26
2415,73,-1.0,2020-12-12 20:38:09-03:00,0 days 00:00:40
2416,73,-1.0,2020-12-12 20:38:42-03:00,0 days 00:00:33
2424,73,-2.0,2020-12-12 20:59:27-03:00,0 days 00:00:32
2425,73,-2.0,2020-12-12 20:59:56-03:00,0 days 00:00:29
2427,73,-8.0,2020-12-12 21:02:45-03:00,0 days 00:00:47
2428,73,-2.0,2020-12-12 21:03:39-03:00,0 days 00:00:54
2430,73,-5.0,2020-12-12 21:04:43-03:00,0 days 00:01:04
2431,73,-5.0,2020-12-12 21:05:49-03:00,0 days 00:01:06
2437,73,-2.0,2020-12-12 21:31:49-03:00,0 days 00:00:21
2438,73,-2.0,2020-12-12 21:32:11-03:00,0 days 00:00:22
2439,73,-1.0,2020-12-12 21:32:47-03:00,0 days 00:00:36
2446,73,-1.0,2020-12-12 22:00:11-03:00,0 days 00:00:48
2447,73,-1.0,2020-12-12 22:01:18-03:00,0 days 00:01:07
2448,73,-1.0,2020-12-12 22:01:52-03:00,0 days 00:00:34
2450,73,-2.0,2020-12-12 22:12:39-03:00,0 days 00:00:34
2453,73,-2.0,2020-12-12 22:28:03-03:00,0 days 00:00:33
2454,73,-2.0,2020-12-12 22:28:32-03:00,0 days 00:00:29
2491,73,-2.0,2020-12-15 19:40:43-03:00,0 days 00:00:31
2546,73,-2.0,2020-12-17 21:16:26-03:00,0 days 00:00:32
2551,73,-1.0,2020-12-17 21:39:28-03:00,0 days 00:00:37
2553,73,-2.0,2020-12-17 21:39:45-03:00,0 days 00:00:17
2555,73,-1.0,2020-12-17 21:40:40-03:00,0 days 00:00:55
2557,73,-1.0,2020-12-17 21:41:52-03:00,0 days 00:01:12
2567,73,-1.0,2020-12-17 22:11:00-03:00,0 days 00:00:17
2568,73,-1.0,2020-12-17 22:11:51-03:00,0 days 00:00:51
2569,73,-2.0,2020-12-17 22:12:22-03:00,0 days 00:00:31
2570,73,-2.0,2020-12-17 22:12:45-03:00,0 days 00:00:23
2571,73,-2.0,2020-12-17 22:13:06-03:00,0 days 00:00:21
2573,73,-2.0,2020-12-17 22:41:56-03:00,0 days 00:00:30
2574,73,-1.0,2020-12-17 22:42:21-03:00,0 days 00:00:25
2575,73,-1.0,2020-12-17 22:42:48-03:00,0 days 00:00:27
2576,73,-102.0,2020-12-17 22:43:12-03:00,0 days 00:00:24
2577,73,-1.0,2020-12-17 22:44:12-03:00,0 days 00:01:00
2581,73,-2.0,2020-12-17 22:47:44-03:00,0 days 00:00:49
2608,73,-1.0,2020-12-18 19:01:16-03:00,0 days 00:00:20
2609,73,-1.0,2020-12-18 19:01:37-03:00,0 days 00:00:21
2633,73,-5.0,2020-12-18 21:08:35-03:00,0 days 00:00:41
2637,73,-2.0,2020-12-18 21:25:20-03:00,0 days 00:00:26
2638,73,-2.0,2020-12-18 21:25:46-03:00,0 days 00:00:26
2639,73,-5.0,2020-12-18 21:26:20-03:00,0 days 00:00:34
2645,73,-1.0,2020-12-18 21:30:24-03:00,0 days 00:00:20
2646,73,-3.0,2020-12-18 21:30:41-03:00,0 days 00:00:17
2647,73,-1.0,2020-12-18 21:31:00-03:00,0 days 00:00:19
2652,73,-2.0,2020-12-18 21:44:37-03:00,0 days 00:01:08
2654,73,-5.0,2020-12-18 21:48:13-03:00,0 days 00:00:43
2665,73,-1.0,2020-12-18 22:13:14-03:00,0 days 00:00:35
2666,73,-1.0,2020-12-18 22:13:40-03:00,0 days 00:00:26
2667,73,-2.0,2020-12-18 22:14:03-03:00,0 days 00:00:23
2668,73,-3.0,2020-12-18 22:14:53-03:00,0 days 00:00:50
2671,73,-1.0,2020-12-18 22:25:42-03:00,0 days 00:00:37
2672,73,-1.0,2020-12-18 22:26:12-03:00,0 days 00:00:30
2673,73,-2.0,2020-12-18 22:26:34-03:00,0 days 00:00:22
2674,73,-1.0,2020-12-18 22:26:56-03:00,0 days 00:00:22
2675,73,-1.0,2020-12-18 22:27:17-03:00,0 days 00:00:21
2683,73,-2.0,2020-12-18 22:45:34-03:00,0 days 00:00:45
2685,73,-2.0,2020-12-18 22:46:56-03:00,0 days 00:01:22
2687,73,-5.0,2020-12-18 22:50:55-03:00,0 days 00:00:28
2707,73,-10.0,2020-12-20 14:08:45-03:00,0 days 00:01:04
2708,73,-50.0,2020-12-20 14:10:05-03:00,0 days 00:01:20
2726,73,-2.0,2020-12-21 20:27:00-03:00,0 days 00:00:43
2740,73,-1.0,2020-12-21 21:36:47-03:00,0 days 00:00:25
2746,73,-2.0,2020-12-21 21:43:20-03:00,0 days 00:00:21
2755,73,-3.0,2020-12-21 22:03:46-03:00,0 days 00:00:38
2756,73,-2.0,2020-12-21 22:04:33-03:00,0 days 00:00:47
2795,73,-2.0,2020-12-22 20:11:53-03:00,0 days 00:00:39
2796,73,-10.0,2020-12-22 20:13:21-03:00,0 days 00:01:28
2797,73,-2.0,2020-12-22 20:14:06-03:00,0 days 00:00:45
2800,73,-2.0,2020-12-22 20:43:19-03:00,0 days 00:00:18
2801,73,-2.0,2020-12-22 20:43:35-03:00,0 days 00:00:16
2810,73,-1.0,2020-12-22 21:49:15-03:00,0 days 00:00:18
2817,73,-2.0,2020-12-22 22:19:38-03:00,0 days 00:00:42
2818,73,-1.0,2020-12-22 22:20:00-03:00,0 days 00:00:22
2819,73,-1.0,2020-12-22 22:20:12-03:00,0 days 00:00:12
2820,73,-1.0,2020-12-22 22:20:58-03:00,0 days 00:00:46
2821,73,-3.0,2020-12-22 22:21:26-03:00,0 days 00:00:28
2849,73,-2.0,2020-12-23 21:42:57-03:00,0 days 00:00:17
2877,73,-1.0,2020-12-26 21:18:56-03:00,0 days 00:00:16
2885,73,-2.0,2020-12-28 20:11:00-03:00,0 days 00:00:33
2891,73,-2.0,2020-12-29 19:36:19-03:00,0 days 00:01:03
2897,73,-1.0,2020-12-29 19:48:41-03:00,0 days 00:00:17
2898,73,-1.0,2020-12-29 19:48:57-03:00,0 days 00:00:16
2910,73,-1.0,2020-12-29 20:16:53-03:00,0 days 00:00:28
2911,73,-1.0,2020-12-29 20:17:19-03:00,0 days 00:00:26
2913,73,-2.0,2020-12-29 20:56:57-03:00,0 days 00:00:24
2915,73,-2.0,2020-12-29 21:12:37-03:00,0 days 00:00:39
2964,73,-1.0,2021-01-08 19:30:09-03:00,0 days 00:01:33
2965,73,-1.0,2021-01-08 19:30:37-03:00,0 days 00:00:28
30,74,-2.0,2019-09-05 12:09:07-03:00,0 days 00:00:15
31,74,-2.0,2019-09-05 12:09:30-03:00,0 days 00:00:23
32,74,-2.0,2019-09-05 12:09:45-03:00,0 days 00:00:15
33,74,-100.0,2019-09-05 12:11:11-03:00,0 days 00:01:26
41,74,-2.0,2019-09-05 17:25:14-03:00,0 days 00:00:34
42,74,-2.0,2019-09-05 17:26:20-03:00,0 days 00:01:06
631,74,-10.0,2020-06-09 10:33:43-03:00,0 days 00:01:24
635,74,-5.0,2020-06-12 10:04:52-03:00,0 days 00:00:42
637,74,-10.0,2020-06-12 10:33:00-03:00,0 days 00:01:59
649,74,-15.0,2020-06-14 11:44:31-03:00,0 days 00:00:57
651,74,-5.0,2020-06-14 11:48:38-03:00,0 days 00:00:54
1353,74,-2.0,2020-10-23 19:02:26-03:00,0 days 00:00:56
1372,74,-10.0,2020-10-29 20:04:13-03:00,0 days 00:00:29
1373,74,-10.0,2020-10-29 20:04:34-03:00,0 days 00:00:21
1403,74,-100.0,2020-11-06 15:18:39-03:00,0 days 00:00:25
1427,74,-10.0,2020-11-11 12:21:42-03:00,0 days 00:00:26
1432,74,-200.0,2020-11-11 15:04:19-03:00,0 days 00:00:17
1602,74,-1.0,2020-11-25 21:55:36-03:00,0 days 00:00:20
1641,74,-1.0,2020-11-27 16:52:54-03:00,0 days 00:01:57
1644,74,-5.0,2020-11-27 17:02:09-03:00,0 days 00:00:32
1662,74,-1.0,2020-11-28 13:20:28-03:00,0 days 00:00:39
1663,74,-1.0,2020-11-28 13:21:36-03:00,0 days 00:01:08
1664,74,-1.0,2020-11-28 13:21:58-03:00,0 days 00:00:22
1665,74,-1.0,2020-11-28 13:23:27-03:00,0 days 00:01:29
1669,74,-1.0,2020-11-28 13:36:51-03:00,0 days 00:00:20
1670,74,-1.0,2020-11-28 13:37:16-03:00,0 days 00:00:25
1671,74,-1.0,2020-11-28 13:37:38-03:00,0 days 00:00:22
1672,74,-1.0,2020-11-28 13:38:07-03:00,0 days 00:00:29
1701,74,-1.0,2020-11-29 20:18:02-03:00,0 days 00:00:32
1702,74,-5.0,2020-11-29 20:18:26-03:00,0 days 00:00:24
1707,74,-10.0,2020-11-29 20:34:37-03:00,0 days 00:00:48
1709,74,-1.0,2020-11-29 20:59:30-03:00,0 days 00:01:40
1712,74,-1.0,2020-11-29 21:00:35-03:00,0 days 00:01:05
1713,74,-1.0,2020-11-29 21:01:06-03:00,0 days 00:00:31
1714,74,-1.0,2020-11-29 21:01:35-03:00,0 days 00:00:29
1718,74,-1.0,2020-11-29 21:13:41-03:00,0 days 00:00:24
1719,74,-1.0,2020-11-29 21:13:59-03:00,0 days 00:00:18
1720,74,-1.0,2020-11-29 21:14:23-03:00,0 days 00:00:24
1726,74,-1.0,2020-11-29 21:30:57-03:00,0 days 00:00:23
1727,74,-1.0,2020-11-29 21:31:17-03:00,0 days 00:00:20
1728,74,-1.0,2020-11-29 21:32:01-03:00,0 days 00:00:44
1729,74,-1.0,2020-11-29 21:33:11-03:00,0 days 00:01:10
1734,74,-1.0,2020-11-29 21:47:24-03:00,0 days 00:00:37
1735,74,-1.0,2020-11-29 21:47:44-03:00,0 days 00:00:20
1736,74,-1.0,2020-11-29 21:48:07-03:00,0 days 00:00:23
1740,74,-1.0,2020-11-29 22:03:16-03:00,0 days 00:00:40
1741,74,-1.0,2020-11-29 22:03:43-03:00,0 days 00:00:27
1742,74,-1.0,2020-11-29 22:04:10-03:00,0 days 00:00:27
1746,74,-1.0,2020-11-29 22:15:54-03:00,0 days 00:00:19
1747,74,-1.0,2020-11-29 22:16:12-03:00,0 days 00:00:18
1748,74,-1.0,2020-11-29 22:16:38-03:00,0 days 00:00:26
1753,74,-1.0,2020-11-29 22:27:54-03:00,0 days 00:00:24
1754,74,-1.0,2020-11-29 22:28:30-03:00,0 days 00:00:36
1764,74,-1.0,2020-11-30 19:01:32-03:00,0 days 00:00:19
1765,74,-1.0,2020-11-30 19:03:18-03:00,0 days 00:01:46
1766,74,-7.0,2020-11-30 19:04:27-03:00,0 days 00:01:09
1770,74,-1.0,2020-11-30 19:45:31-03:00,0 days 00:00:33
1771,74,-10.0,2020-11-30 19:45:48-03:00,0 days 00:00:17
1775,74,-1.0,2020-11-30 20:31:30-03:00,0 days 00:00:25
1776,74,-100.0,2020-11-30 20:32:33-03:00,0 days 00:01:03
1785,74,-10.0,2020-12-01 09:47:36-03:00,0 days 00:00:20
1786,74,-10.0,2020-12-01 09:48:59-03:00,0 days 00:01:23
1787,74,-50.0,2020-12-01 09:49:24-03:00,0 days 00:00:25
1791,74,-1.0,2020-12-01 10:04:38-03:00,0 days 00:00:22
1792,74,-1.0,2020-12-01 10:04:57-03:00,0 days 00:00:19
1850,74,-1.0,2020-12-02 10:05:58-03:00,0 days 00:01:38
1894,74,-1.0,2020-12-03 21:01:29-03:00,0 days 00:00:25
1917,74,-2.0,2020-12-04 17:34:58-03:00,0 days 00:00:43
1927,74,-10.0,2020-12-05 19:36:28-03:00,0 days 00:00:54
1954,74,-1.0,2020-12-08 17:02:51-03:00,0 days 00:01:30
1955,74,-1.0,2020-12-08 17:03:52-03:00,0 days 00:01:01
1982,74,-1.0,2020-12-08 19:12:32-03:00,0 days 00:00:59
1983,74,-1.0,2020-12-08 19:13:10-03:00,0 days 00:00:38
1985,74,-1.0,2020-12-08 19:14:41-03:00,0 days 00:01:31
1986,74,-1.0,2020-12-08 19:16:29-03:00,0 days 00:01:48
1993,74,-1.0,2020-12-08 19:41:29-03:00,0 days 00:00:34
1994,74,-1.0,2020-12-08 19:41:46-03:00,0 days 00:00:17
1995,74,-1.0,2020-12-08 19:42:03-03:00,0 days 00:00:17
1996,74,-1.0,2020-12-08 19:42:47-03:00,0 days 00:00:44
1999,74,-1.0,2020-12-08 20:12:43-03:00,0 days 00:00:40
2000,74,-1.0,2020-12-08 20:12:59-03:00,0 days 00:00:16
2001,74,-1.0,2020-12-08 20:13:33-03:00,0 days 00:00:34
2011,74,-1.0,2020-12-08 20:44:12-03:00,0 days 00:00:24
2012,74,-1.0,2020-12-08 20:44:47-03:00,0 days 00:00:35
2013,74,-1.0,2020-12-08 20:45:17-03:00,0 days 00:00:30
2018,74,-1.0,2020-12-08 21:10:17-03:00,0 days 00:00:27
2019,74,-1.0,2020-12-08 21:11:07-03:00,0 days 00:00:50
2020,74,-1.0,2020-12-08 21:11:35-03:00,0 days 00:00:28
2024,74,-1.0,2020-12-08 21:40:53-03:00,0 days 00:00:31
2025,74,-1.0,2020-12-08 21:41:26-03:00,0 days 00:00:33
2026,74,-1.0,2020-12-08 21:42:01-03:00,0 days 00:00:35
2033,74,-1.0,2020-12-08 22:10:41-03:00,0 days 00:00:55
2034,74,-1.0,2020-12-08 22:11:25-03:00,0 days 00:00:44
2035,74,-1.0,2020-12-08 22:12:04-03:00,0 days 00:00:39
2043,74,-1.0,2020-12-08 22:39:58-03:00,0 days 00:01:03
2044,74,-1.0,2020-12-08 22:40:21-03:00,0 days 00:00:23
2045,74,-1.0,2020-12-08 22:40:41-03:00,0 days 00:00:20
2046,74,-1.0,2020-12-08 22:41:08-03:00,0 days 00:00:27
2051,74,-1.0,2020-12-08 23:12:25-03:00,0 days 00:00:52
2052,74,-1.0,2020-12-08 23:12:50-03:00,0 days 00:00:25
2054,74,-1.0,2020-12-08 23:13:06-03:00,0 days 00:00:16
2066,74,-2.0,2020-12-09 17:59:52-03:00,0 days 00:00:36
2071,74,-5.0,2020-12-09 18:12:27-03:00,0 days 00:00:55
2072,74,-5.0,2020-12-09 18:13:12-03:00,0 days 00:00:45
2073,74,-1.0,2020-12-09 18:14:00-03:00,0 days 00:00:48
2074,74,-1.0,2020-12-09 18:15:12-03:00,0 days 00:01:12
2075,74,-8.0,2020-12-09 18:15:40-03:00,0 days 00:00:28
2079,74,-2.0,2020-12-09 18:39:32-03:00,0 days 00:00:28
2080,74,-5.0,2020-12-09 18:39:54-03:00,0 days 00:00:22
2081,74,-1.0,2020-12-09 18:40:33-03:00,0 days 00:00:39
2094,74,-1.0,2020-12-09 20:21:52-03:00,0 days 00:00:34
2112,74,-1.0,2020-12-09 21:37:35-03:00,0 days 00:00:53
2126,74,-2.0,2020-12-09 22:35:27-03:00,0 days 00:00:22
2140,74,-1.0,2020-12-10 18:56:55-03:00,0 days 00:00:41
2147,74,-1.0,2020-12-10 19:53:28-03:00,0 days 00:01:19
2157,74,-1.0,2020-12-10 21:07:25-03:00,0 days 00:00:48
2158,74,-1.0,2020-12-10 21:07:47-03:00,0 days 00:00:22
2205,74,-5.0,2020-12-10 23:25:52-03:00,0 days 00:00:16
2206,74,-5.0,2020-12-10 23:26:14-03:00,0 days 00:00:22
2221,74,-4.0,2020-12-11 19:10:28-03:00,0 days 00:00:29
2222,74,-4.0,2020-12-11 19:10:46-03:00,0 days 00:00:18
2223,74,-2.0,2020-12-11 19:11:15-03:00,0 days 00:00:29
2225,74,-2.0,2020-12-11 19:11:32-03:00,0 days 00:00:17
2327,74,-3.0,2020-12-11 22:37:09-03:00,0 days 00:00:20
2328,74,-5.0,2020-12-11 22:37:29-03:00,0 days 00:00:20
2329,74,-2.0,2020-12-11 22:37:49-03:00,0 days 00:00:20
2334,74,-2.0,2020-12-11 22:58:56-03:00,0 days 00:00:47
2335,74,-2.0,2020-12-11 22:59:14-03:00,0 days 00:00:18
2343,74,-3.0,2020-12-12 11:43:48-03:00,0 days 00:00:18
2344,74,-2.0,2020-12-12 11:44:05-03:00,0 days 00:00:17
2348,74,-1.0,2020-12-12 12:08:05-03:00,0 days 00:01:03
2349,74,-1.0,2020-12-12 12:08:32-03:00,0 days 00:00:27
2350,74,-3.0,2020-12-12 12:09:29-03:00,0 days 00:00:57
2351,74,-2.0,2020-12-12 12:09:44-03:00,0 days 00:00:15
2355,74,-2.0,2020-12-12 12:30:12-03:00,0 days 00:00:25
2373,74,-1.0,2020-12-12 19:21:53-03:00,0 days 00:01:49
2374,74,-1.0,2020-12-12 19:22:31-03:00,0 days 00:00:38
2376,74,-1.0,2020-12-12 19:23:05-03:00,0 days 00:00:34
2382,74,-1.0,2020-12-12 19:46:35-03:00,0 days 00:00:30
2394,74,-2.0,2020-12-12 20:10:28-03:00,0 days 00:00:19
2399,74,-1.0,2020-12-12 20:13:51-03:00,0 days 00:00:29
2400,74,-1.0,2020-12-12 20:14:24-03:00,0 days 00:00:33
2405,74,-1.0,2020-12-12 20:31:54-03:00,0 days 00:00:35
2407,74,-1.0,2020-12-12 20:32:24-03:00,0 days 00:00:30
2409,74,-1.0,2020-12-12 20:33:07-03:00,0 days 00:00:43
2434,74,-1.0,2020-12-12 21:24:14-03:00,0 days 00:01:08
2435,74,-1.0,2020-12-12 21:24:47-03:00,0 days 00:00:33
2443,74,-1.0,2020-12-12 21:58:43-03:00,0 days 00:00:39
2445,74,-1.0,2020-12-12 21:59:31-03:00,0 days 00:00:48
2456,74,-1.0,2020-12-12 22:37:19-03:00,0 days 00:00:32
2465,74,-1.0,2020-12-13 18:32:48-03:00,0 days 00:00:23
2511,74,-2.0,2020-12-16 19:13:03-03:00,0 days 00:00:38
2525,74,-1.0,2020-12-16 22:43:58-03:00,0 days 00:00:40
2530,74,-2.0,2020-12-17 18:57:45-03:00,0 days 00:00:22
2541,74,-2.0,2020-12-17 20:43:01-03:00,0 days 00:00:57
2559,74,-1.0,2020-12-17 21:50:39-03:00,0 days 00:01:07
2591,74,-4.0,2020-12-18 14:43:47-03:00,0 days 00:00:42
2617,74,-1.0,2020-12-18 20:03:32-03:00,0 days 00:00:29
2656,74,-1.0,2020-12-18 21:49:46-03:00,0 days 00:00:31
2657,74,-1.0,2020-12-18 21:51:20-03:00,0 days 00:01:34
2695,74,-2.0,2020-12-19 14:49:47-03:00,0 days 00:00:36
2696,74,-4.0,2020-12-19 14:50:53-03:00,0 days 00:01:06
2697,74,-2.0,2020-12-19 14:52:09-03:00,0 days 00:01:16
2698,74,-10.0,2020-12-19 14:52:39-03:00,0 days 00:00:30
2812,74,-5.0,2020-12-22 21:58:59-03:00,0 days 00:00:26
2815,74,-5.0,2020-12-22 22:13:48-03:00,0 days 00:01:10
2823,74,-2.0,2020-12-22 22:24:07-03:00,0 days 00:00:17
2851,74,-3.0,2020-12-23 22:40:07-03:00,0 days 00:00:11
2857,74,-1.0,2020-12-25 17:45:11-03:00,0 days 00:01:51
2895,74,-1.0,2020-12-29 19:48:19-03:00,0 days 00:00:32
2899,74,-1.0,2020-12-29 19:49:01-03:00,0 days 00:00:42
2902,74,-1.0,2020-12-29 19:53:00-03:00,0 days 00:00:43
2905,74,-1.0,2020-12-29 20:09:52-03:00,0 days 00:00:36
2907,74,-1.0,2020-12-29 20:12:57-03:00,0 days 00:00:28
2908,74,-1.0,2020-12-29 20:13:31-03:00,0 days 00:00:34
2932,74,-5.0,2021-01-03 14:21:46-03:00,0 days 00:00:38
2946,74,-1.0,2021-01-06 18:38:08-03:00,0 days 00:00:21
2947,74,-1.0,2021-01-06 18:38:33-03:00,0 days 00:00:25
2954,74,-2.0,2021-01-07 15:32:01-03:00,0 days 00:01:16
2962,74,-3.0,2021-01-08 19:15:27-03:00,0 days 00:01:10
2970,74,-2.0,2021-01-08 19:43:57-03:00,0 days 00:01:19
2971,74,-2.0,2021-01-08 19:44:14-03:00,0 days 00:00:17
2972,74,-1.0,2021-01-08 19:44:27-03:00,0 days 00:00:13
2981,74,-5.0,2021-01-08 20:21:20-03:00,0 days 00:00:28
2982,74,-5.0,2021-01-08 20:21:53-03:00,0 days 00:00:33
2983,74,-5.0,2021-01-08 20:22:10-03:00,0 days 00:00:17
3043,74,-2.0,2021-01-20 14:40:14-03:00,0 days 00:00:10
3368,74,-2.0,2021-03-24 18:17:20-03:00,0 days 00:01:08
4039,74,-10.0,2021-06-30 20:43:41-03:00,0 days 00:01:10
4041,74,-3.0,2021-06-30 23:46:41-03:00,0 days 00:01:07
4888,74,-6.0,2021-08-15 12:43:02-03:00,0 days 00:01:40
4959,74,-10.0,2021-08-22 13:08:38-03:00,0 days 00:01:53
178,205,-1.0,2019-11-19 10:43:19-03:00,0 days 00:00:15
179,205,-1.0,2019-11-19 10:43:34-03:00,0 days 00:00:15
276,205,-3.0,2019-12-08 13:20:51-03:00,0 days 00:01:47
278,205,-2.0,2019-12-08 13:24:47-03:00,0 days 00:01:15
284,205,-3.0,2019-12-08 18:01:11-03:00,0 days 00:01:51
399,205,-1.0,2020-01-21 20:53:23-03:00,0 days 00:01:37
400,205,-1.0,2020-01-21 20:54:24-03:00,0 days 00:01:01
401,205,-1.0,2020-01-21 20:55:40-03:00,0 days 00:01:16
402,205,-1.0,2020-01-21 20:56:24-03:00,0 days 00:00:44
403,205,-61.0,2020-01-21 20:57:23-03:00,0 days 00:00:59
404,205,-1.0,2020-01-21 20:58:33-03:00,0 days 00:01:10
405,205,-1.0,2020-01-21 20:59:56-03:00,0 days 00:01:23
406,205,-1.0,2020-01-21 21:01:49-03:00,0 days 00:01:53
408,205,-1.0,2020-01-21 21:05:04-03:00,0 days 00:00:57
410,205,-2.0,2020-01-21 21:09:23-03:00,0 days 00:01:51
411,205,-1.0,2020-01-21 21:10:50-03:00,0 days 00:01:27
412,205,-1.0,2020-01-21 21:11:54-03:00,0 days 00:01:04
413,205,-1.0,2020-01-21 21:13:14-03:00,0 days 00:01:20
414,205,-1.0,2020-01-21 21:14:15-03:00,0 days 00:01:01
415,205,-1.0,2020-01-21 21:15:25-03:00,0 days 00:01:10
420,205,-1.0,2020-01-27 16:35:11-03:00,0 days 00:01:36
421,205,-2.0,2020-01-27 16:36:03-03:00,0 days 00:00:52
422,205,-2.0,2020-01-27 16:37:22-03:00,0 days 00:01:19
425,205,-1.0,2020-01-27 16:42:04-03:00,0 days 00:01:30
426,205,-1.0,2020-01-27 16:42:49-03:00,0 days 00:00:45
4085,205,-2.0,2021-07-02 09:43:08-03:00,0 days 00:00:29
4086,205,-2.0,2021-07-02 09:44:43-03:00,0 days 00:01:35
4150,205,-2.0,2021-07-03 20:19:58-03:00,0 days 00:00:51
4412,205,-2.0,2021-07-12 14:51:01-03:00,0 days 00:00:32
4413,205,-2.0,2021-07-12 14:51:52-03:00,0 days 00:00:51
4414,205,-2.0,2021-07-12 14:53:23-03:00,0 days 00:01:31
4433,205,-2.0,2021-07-13 18:08:11-03:00,0 days 00:00:32
4447,205,-2.0,2021-07-14 11:15:33-03:00,0 days 00:00:37
4448,205,-2.0,2021-07-14 11:16:28-03:00,0 days 00:00:55
4456,205,-2.0,2021-07-14 15:13:55-03:00,0 days 00:00:28
4467,205,-2.0,2021-07-15 00:27:20-03:00,0 days 00:01:17
4468,205,-2.0,2021-07-15 00:27:52-03:00,0 days 00:00:32
4469,205,-2.0,2021-07-15 00:29:35-03:00,0 days 00:01:43
4470,205,-2.0,2021-07-15 00:29:50-03:00,0 days 00:00:15
4471,205,-2.0,2021-07-15 00:30:33-03:00,0 days 00:00:43
4473,205,-5.0,2021-07-15 00:35:27-03:00,0 days 00:00:30
4475,205,-2.0,2021-07-15 07:14:19-03:00,0 days 00:00:31
4478,205,-2.0,2021-07-15 09:12:33-03:00,0 days 00:01:35
4485,205,-2.0,2021-07-15 15:38:08-03:00,0 days 00:00:54
4486,205,-2.0,2021-07-15 15:38:34-03:00,0 days 00:00:26
4491,205,-5.0,2021-07-15 23:51:47-03:00,0 days 00:01:30
4505,205,-2.0,2021-07-16 19:52:11-03:00,0 days 00:00:39
4506,205,-2.0,2021-07-16 19:52:55-03:00,0 days 00:00:44
4515,205,-2.0,2021-07-17 00:23:07-03:00,0 days 00:01:50
4529,205,-2.0,2021-07-17 12:08:09-03:00,0 days 00:01:22
4530,205,-2.0,2021-07-17 12:09:11-03:00,0 days 00:01:02
4531,205,-2.0,2021-07-17 12:09:58-03:00,0 days 00:00:47
4532,205,-2.0,2021-07-17 12:10:12-03:00,0 days 00:00:14
4542,205,-2.0,2021-07-17 15:30:38-03:00,0 days 00:00:25
4543,205,-2.0,2021-07-17 15:31:01-03:00,0 days 00:00:23
4552,205,-2.0,2021-07-17 19:56:54-03:00,0 days 00:01:25
4558,205,-2.0,2021-07-17 22:47:25-03:00,0 days 00:00:39
4562,205,-5.0,2021-07-18 00:14:26-03:00,0 days 00:00:56
4584,205,-2.0,2021-07-19 00:13:27-03:00,0 days 00:00:40
4601,205,-2.0,2021-07-21 21:02:23-03:00,0 days 00:01:11
4607,205,-2.0,2021-07-21 23:32:44-03:00,0 days 00:00:25
4608,205,-2.0,2021-07-21 23:33:20-03:00,0 days 00:00:36
4611,205,-2.0,2021-07-21 23:46:48-03:00,0 days 00:01:19
4616,205,-2.0,2021-07-22 20:06:54-03:00,0 days 00:00:46
4622,205,-5.0,2021-07-23 00:31:33-03:00,0 days 00:00:56
4623,205,-2.0,2021-07-23 00:32:11-03:00,0 days 00:00:38
4631,205,-7.0,2021-07-23 19:28:15-03:00,0 days 00:01:51
4633,205,-2.0,2021-07-24 01:37:49-03:00,0 days 00:01:27
4634,205,-2.0,2021-07-24 01:39:11-03:00,0 days 00:01:22
4637,205,-2.0,2021-07-24 01:51:24-03:00,0 days 00:01:09
4638,205,-2.0,2021-07-24 01:51:59-03:00,0 days 00:00:35
4639,205,-2.0,2021-07-24 01:52:32-03:00,0 days 00:00:33
4641,205,-2.0,2021-07-24 01:57:02-03:00,0 days 00:00:33
4649,205,-2.0,2021-07-24 14:15:39-03:00,0 days 00:01:07
4652,205,-2.0,2021-07-24 14:23:17-03:00,0 days 00:00:42
4655,205,-2.0,2021-07-24 16:41:18-03:00,0 days 00:00:30
4656,205,-2.0,2021-07-24 16:41:43-03:00,0 days 00:00:25
4657,205,-2.0,2021-07-24 16:42:40-03:00,0 days 00:00:57
4659,205,-2.0,2021-07-24 20:48:19-03:00,0 days 00:01:41
4660,205,-2.0,2021-07-24 20:48:58-03:00,0 days 00:00:39
4662,205,-5.0,2021-07-24 22:47:31-03:00,0 days 00:00:35
4667,205,-2.0,2021-07-24 23:25:32-03:00,0 days 00:01:20
4668,205,-2.0,2021-07-24 23:26:11-03:00,0 days 00:00:39
4669,205,-2.0,2021-07-24 23:27:43-03:00,0 days 00:01:32
4670,205,-2.0,2021-07-24 23:28:11-03:00,0 days 00:00:28
4671,205,-2.0,2021-07-24 23:28:37-03:00,0 days 00:00:26
4674,205,-2.0,2021-07-25 00:39:45-03:00,0 days 00:01:27
4675,205,-2.0,2021-07-25 00:40:30-03:00,0 days 00:00:45
4679,205,-10.0,2021-07-25 09:21:23-03:00,0 days 00:00:55
4681,205,-2.0,2021-07-25 09:25:48-03:00,0 days 00:00:14
4686,205,-2.0,2021-07-25 15:30:01-03:00,0 days 00:00:18
4687,205,-2.0,2021-07-25 15:30:27-03:00,0 days 00:00:26
4700,205,-2.0,2021-07-25 19:57:48-03:00,0 days 00:00:50
4705,205,-2.0,2021-07-25 23:04:48-03:00,0 days 00:01:19
4707,205,-2.0,2021-07-26 01:49:50-03:00,0 days 00:00:12
4708,205,-2.0,2021-07-26 01:50:22-03:00,0 days 00:00:32
4716,205,-5.0,2021-07-27 15:12:13-03:00,0 days 00:01:20
4717,205,-2.0,2021-07-27 15:12:37-03:00,0 days 00:00:24
4718,205,-2.0,2021-07-27 15:12:55-03:00,0 days 00:00:18
4719,205,-2.0,2021-07-27 15:13:15-03:00,0 days 00:00:20
4720,205,-2.0,2021-07-27 15:14:42-03:00,0 days 00:01:27
4721,205,-2.0,2021-07-27 15:15:41-03:00,0 days 00:00:59
4723,205,-5.0,2021-07-27 18:57:32-03:00,0 days 00:00:45
4724,205,-5.0,2021-07-27 18:58:19-03:00,0 days 00:00:47
4725,205,-5.0,2021-07-27 18:58:38-03:00,0 days 00:00:19
4726,205,-2.0,2021-07-27 18:59:15-03:00,0 days 00:00:37
4731,205,-2.0,2021-07-27 21:14:43-03:00,0 days 00:01:45
4732,205,-2.0,2021-07-27 21:15:22-03:00,0 days 00:00:39
4737,205,-2.0,2021-07-27 23:07:29-03:00,0 days 00:01:10
4740,205,-10.0,2021-07-28 04:55:58-03:00,0 days 00:00:51
4743,205,-2.0,2021-07-28 06:16:30-03:00,0 days 00:00:36
4746,205,-5.0,2021-07-28 09:08:31-03:00,0 days 00:01:34
4783,205,-2.0,2021-07-28 11:33:35-03:00,0 days 00:00:23
4784,205,-5.0,2021-07-28 11:34:37-03:00,0 days 00:01:02
4785,205,-5.0,2021-07-28 11:35:26-03:00,0 days 00:00:49
4786,205,-2.0,2021-07-28 11:35:57-03:00,0 days 00:00:31
4790,205,-2.0,2021-07-28 16:56:46-03:00,0 days 00:00:19
4791,205,-2.0,2021-07-28 16:57:02-03:00,0 days 00:00:16
4792,205,-20.0,2021-07-28 16:58:14-03:00,0 days 00:01:12
4795,205,-2.0,2021-07-28 17:18:03-03:00,0 days 00:01:38
4797,205,-4.0,2021-07-28 17:29:27-03:00,0 days 00:01:31
4798,205,-10.0,2021-07-28 17:30:20-03:00,0 days 00:00:53
4799,205,-14.0,2021-07-28 17:31:30-03:00,0 days 00:01:10
4803,205,-2.0,2021-07-28 20:40:31-03:00,0 days 00:00:53
4804,205,-2.0,2021-07-28 20:41:16-03:00,0 days 00:00:45
4805,205,-2.0,2021-07-28 20:42:20-03:00,0 days 00:01:04
4807,205,-7.0,2021-07-28 21:54:23-03:00,0 days 00:01:01
4822,205,-2.0,2021-07-29 14:56:20-03:00,0 days 00:00:47
4835,205,-2.0,2021-07-31 05:29:49-03:00,0 days 00:01:38
5878,205,-2.0,2021-09-28 19:54:33-03:00,0 days 00:00:14
5881,205,-2.0,2021-09-28 21:07:33-03:00,0 days 00:00:44
5882,205,-2.0,2021-09-28 21:08:24-03:00,0 days 00:00:51
5883,205,-2.0,2021-09-28 21:08:43-03:00,0 days 00:00:19
5910,205,-2.0,2021-09-29 16:58:57-03:00,0 days 00:00:40
5911,205,-2.0,2021-09-29 16:59:32-03:00,0 days 00:00:35
5968,205,-2.0,2021-09-30 14:07:33-03:00,0 days 00:00:44
5969,205,-2.0,2021-09-30 14:08:12-03:00,0 days 00:00:39
5979,205,-2.0,2021-09-30 17:51:31-03:00,0 days 00:00:34
6056,205,-2.0,2021-10-02 20:17:13-03:00,0 days 00:01:24
6057,205,-2.0,2021-10-02 20:17:30-03:00,0 days 00:00:17
6058,205,-2.0,2021-10-02 20:17:49-03:00,0 days 00:00:19
6061,205,-2.0,2021-10-02 20:24:25-03:00,0 days 00:00:25
6062,205,-2.0,2021-10-02 20:24:45-03:00,0 days 00:00:20
6063,205,-2.0,2021-10-02 20:25:12-03:00,0 days 00:00:27
6071,205,-2.0,2021-10-03 01:47:41-03:00,0 days 00:01:06
6131,205,-2.0,2021-10-04 13:26:35-03:00,0 days 00:00:17
6132,205,-2.0,2021-10-04 13:27:13-03:00,0 days 00:00:38
6133,205,-2.0,2021-10-04 13:28:04-03:00,0 days 00:00:51
6150,205,-2.0,2021-10-04 20:06:58-03:00,0 days 00:00:40
6151,205,-2.0,2021-10-04 20:07:25-03:00,0 days 00:00:27
6152,205,-2.0,2021-10-04 20:07:41-03:00,0 days 00:00:16
6170,205,-2.0,2021-10-04 22:48:29-03:00,0 days 00:01:19
6171,205,-2.0,2021-10-04 22:49:05-03:00,0 days 00:00:36
6172,205,-2.0,2021-10-04 22:49:30-03:00,0 days 00:00:25
6173,205,-2.0,2021-10-04 22:49:47-03:00,0 days 00:00:17
6176,205,-2.0,2021-10-05 01:15:28-03:00,0 days 00:01:27
6177,205,-2.0,2021-10-05 01:15:47-03:00,0 days 00:00:19
6178,205,-2.0,2021-10-05 01:16:04-03:00,0 days 00:00:17
6179,205,-3.0,2021-10-05 01:16:35-03:00,0 days 00:00:31
6293,205,-2.0,2021-10-07 14:00:35-03:00,0 days 00:00:19
6294,205,-2.0,2021-10-07 14:01:04-03:00,0 days 00:00:29
6295,205,-2.0,2021-10-07 14:02:28-03:00,0 days 00:01:24
3496,211,-2.0,2021-05-18 18:43:31-03:00,0 days 00:01:54
5828,211,-2.0,2021-09-28 11:04:49-03:00,0 days 00:01:14
5905,211,-2.0,2021-09-29 16:19:28-03:00,0 days 00:01:14
5937,211,-3.0,2021-09-29 21:23:29-03:00,0 days 00:01:03
5938,211,-2.0,2021-09-29 21:25:13-03:00,0 days 00:01:44
6376,211,-2.0,2021-10-10 16:45:28-03:00,0 days 00:00:34
6758,211,-2.0,2021-10-20 13:23:24-03:00,0 days 00:01:13
6768,211,-4.0,2021-10-20 17:17:00-03:00,0 days 00:01:35
7587,211,-5.0,2021-11-06 17:27:08-03:00,0 days 00:01:21
7638,211,-2.0,2021-11-07 15:10:27-03:00,0 days 00:01:08
592,335,-20.0,2020-05-16 13:11:47-03:00,0 days 00:01:02
599,335,-25.0,2020-05-18 01:07:37-03:00,0 days 00:00:20
604,335,-20.0,2020-05-19 12:30:02-03:00,0 days 00:00:42
607,335,-20.0,2020-05-20 12:10:36-03:00,0 days 00:01:19
612,335,-5.0,2020-05-22 17:01:40-03:00,0 days 00:00:25
616,335,-10.0,2020-05-24 15:03:41-03:00,0 days 00:00:32
617,335,-10.0,2020-05-24 15:04:18-03:00,0 days 00:00:37
618,335,-10.0,2020-05-24 15:06:00-03:00,0 days 00:01:42
627,335,-2.0,2020-06-08 07:26:42-03:00,0 days 00:00:29
657,335,-2.0,2020-06-18 00:54:45-03:00,0 days 00:00:44
662,335,-5.0,2020-06-18 16:59:52-03:00,0 days 00:01:06
3360,370,-2.0,2021-03-17 13:21:33-03:00,0 days 00:01:22
1809,431,-50.0,2020-12-01 18:23:19-03:00,0 days 00:00:24
4279,431,-50.0,2021-07-07 22:53:08-03:00,0 days 00:00:40
1238,449,-2.0,2020-09-29 21:59:47-03:00,0 days 00:00:52
1292,449,-2.0,2020-10-06 13:02:49-03:00,0 days 00:01:03
1328,449,-2.0,2020-10-07 20:12:12-03:00,0 days 00:01:19
1505,495,-1.0,2020-11-23 08:50:59-03:00,0 days 00:01:40
1521,515,-500.0,2020-11-24 13:40:57-03:00,0 days 00:01:40
1548,515,-100.0,2020-11-24 21:20:54-03:00,0 days 00:00:51
1549,515,-100.0,2020-11-24 21:22:37-03:00,0 days 00:01:43
1551,515,-10.0,2020-11-24 21:24:01-03:00,0 days 00:01:24
1552,515,-10.0,2020-11-24 21:25:26-03:00,0 days 00:01:25
1595,515,-10.0,2020-11-25 19:04:06-03:00,0 days 00:01:05
1679,515,-500.0,2020-11-28 16:52:43-03:00,0 days 00:00:33
1961,523,-2.0,2020-12-08 17:49:00-03:00,0 days 00:01:49
1964,523,-1.0,2020-12-08 17:57:48-03:00,0 days 00:00:51
1965,523,-1.0,2020-12-08 17:58:15-03:00,0 days 00:00:27
1966,523,-1.0,2020-12-08 17:59:09-03:00,0 days 00:00:54
1967,523,-1.0,2020-12-08 17:59:35-03:00,0 days 00:00:26
1968,523,-1.0,2020-12-08 18:00:09-03:00,0 days 00:00:34
1969,523,-1.0,2020-12-08 18:00:48-03:00,0 days 00:00:39
1970,523,-1.0,2020-12-08 18:01:30-03:00,0 days 00:00:42
1971,523,-1.0,2020-12-08 18:02:13-03:00,0 days 00:00:43
1972,523,-1.0,2020-12-08 18:02:35-03:00,0 days 00:00:22
1977,523,-1.0,2020-12-08 19:02:05-03:00,0 days 00:01:02
1980,523,-1.0,2020-12-08 19:10:08-03:00,0 days 00:00:44
1991,523,-2.0,2020-12-08 19:40:42-03:00,0 days 00:00:51
2003,523,-2.0,2020-12-08 20:14:21-03:00,0 days 00:00:30
2008,523,-1.0,2020-12-08 20:42:01-03:00,0 days 00:00:33
2009,523,-2.0,2020-12-08 20:43:06-03:00,0 days 00:01:05
2022,523,-2.0,2020-12-08 21:13:03-03:00,0 days 00:01:19
2028,523,-2.0,2020-12-08 21:43:41-03:00,0 days 00:00:56
2037,523,-2.0,2020-12-08 22:14:38-03:00,0 days 00:00:51
2042,523,-2.0,2020-12-08 22:38:56-03:00,0 days 00:00:34
2055,523,-4.0,2020-12-08 23:13:58-03:00,0 days 00:01:01
2056,523,-2.0,2020-12-08 23:15:09-03:00,0 days 00:01:11
2059,523,-2.0,2020-12-09 14:52:37-03:00,0 days 00:00:32
2090,523,-1.0,2020-12-09 19:52:35-03:00,0 days 00:00:31
2093,523,-1.0,2020-12-09 20:21:38-03:00,0 days 00:00:24
2101,523,-1.0,2020-12-09 20:55:45-03:00,0 days 00:00:51
2108,523,-1.0,2020-12-09 21:29:10-03:00,0 days 00:00:39
2109,523,-1.0,2020-12-09 21:29:40-03:00,0 days 00:00:30
2110,523,-1.0,2020-12-09 21:30:08-03:00,0 days 00:00:28
2120,523,-1.0,2020-12-09 22:04:14-03:00,0 days 00:00:25
2121,523,-1.0,2020-12-09 22:04:39-03:00,0 days 00:00:25
2122,523,-1.0,2020-12-09 22:05:06-03:00,0 days 00:00:27
2128,523,-1.0,2020-12-09 22:36:37-03:00,0 days 00:00:20
2129,523,-1.0,2020-12-09 22:36:58-03:00,0 days 00:00:21
2160,523,-1.0,2020-12-10 21:14:29-03:00,0 days 00:00:18
2161,523,-1.0,2020-12-10 21:14:49-03:00,0 days 00:00:20
2162,523,-1.0,2020-12-10 21:15:13-03:00,0 days 00:00:24
2166,523,-1.0,2020-12-10 21:43:23-03:00,0 days 00:00:28
2167,523,-1.0,2020-12-10 21:43:43-03:00,0 days 00:00:20
2173,523,-1.0,2020-12-10 22:10:26-03:00,0 days 00:00:29
2174,523,-1.0,2020-12-10 22:10:49-03:00,0 days 00:00:23
2175,523,-1.0,2020-12-10 22:11:18-03:00,0 days 00:00:29
2176,523,-1.0,2020-12-10 22:11:48-03:00,0 days 00:00:30
2177,523,-1.0,2020-12-10 22:12:10-03:00,0 days 00:00:22
2180,523,-1.0,2020-12-10 22:46:32-03:00,0 days 00:00:18
2181,523,-1.0,2020-12-10 22:46:59-03:00,0 days 00:00:27
2182,523,-1.0,2020-12-10 22:47:23-03:00,0 days 00:00:24
2183,523,-2.0,2020-12-10 22:48:16-03:00,0 days 00:00:53
2202,523,-1.0,2020-12-10 23:20:25-03:00,0 days 00:00:49
2203,523,-1.0,2020-12-10 23:20:43-03:00,0 days 00:00:18
2325,523,-1.0,2020-12-11 22:30:21-03:00,0 days 00:00:22
2332,523,-1.0,2020-12-11 22:56:08-03:00,0 days 00:00:15
2472,523,-1.0,2020-12-14 20:18:34-03:00,0 days 00:00:32
2479,523,-1.0,2020-12-14 21:33:31-03:00,0 days 00:00:25
2484,523,-1.0,2020-12-14 22:32:25-03:00,0 days 00:00:21
2513,523,-1.0,2020-12-16 19:13:37-03:00,0 days 00:00:24
2516,523,-1.0,2020-12-16 21:38:23-03:00,0 days 00:00:40
2519,523,-1.0,2020-12-16 21:58:33-03:00,0 days 00:00:21
2522,523,-1.0,2020-12-16 22:34:31-03:00,0 days 00:00:17
2523,523,-1.0,2020-12-16 22:36:10-03:00,0 days 00:01:39
2533,523,-1.0,2020-12-17 19:14:08-03:00,0 days 00:00:50
2534,523,-1.0,2020-12-17 19:14:30-03:00,0 days 00:00:22
2536,523,-1.0,2020-12-17 19:57:06-03:00,0 days 00:00:25
2537,523,-1.0,2020-12-17 19:57:38-03:00,0 days 00:00:32
2543,523,-1.0,2020-12-17 20:45:16-03:00,0 days 00:00:32
2544,523,-1.0,2020-12-17 20:45:43-03:00,0 days 00:00:27
2552,523,-1.0,2020-12-17 21:39:36-03:00,0 days 00:00:16
2554,523,-1.0,2020-12-17 21:40:05-03:00,0 days 00:00:29
2556,523,-1.0,2020-12-17 21:41:48-03:00,0 days 00:01:43
2563,523,-1.0,2020-12-17 22:09:11-03:00,0 days 00:01:00
2565,523,-1.0,2020-12-17 22:10:08-03:00,0 days 00:00:57
2586,523,-2.0,2020-12-18 10:26:21-03:00,0 days 00:00:23
2587,523,-2.0,2020-12-18 10:26:38-03:00,0 days 00:00:17
2588,523,-2.0,2020-12-18 10:27:02-03:00,0 days 00:00:24
2589,523,-2.0,2020-12-18 10:27:32-03:00,0 days 00:00:30
2597,523,-50.0,2020-12-18 17:45:25-03:00,0 days 00:01:30
2604,523,-1.0,2020-12-18 17:50:26-03:00,0 days 00:01:36
2630,523,-1.0,2020-12-18 21:04:35-03:00,0 days 00:00:38
2642,523,-1.0,2020-12-18 21:29:41-03:00,0 days 00:00:27
2663,523,-1.0,2020-12-18 22:11:33-03:00,0 days 00:01:23
2679,523,-1.0,2020-12-18 22:43:31-03:00,0 days 00:00:21
2680,523,-1.0,2020-12-18 22:44:13-03:00,0 days 00:00:42
2682,523,-1.0,2020-12-18 22:44:52-03:00,0 days 00:00:39
2701,523,-2.0,2020-12-19 15:04:51-03:00,0 days 00:00:42
2861,523,-1.0,2020-12-25 17:50:48-03:00,0 days 00:01:38
2868,523,-1.0,2020-12-25 18:12:04-03:00,0 days 00:00:26
2893,523,-1.0,2020-12-29 19:42:13-03:00,0 days 00:00:24
2467,529,-1.0,2020-12-13 19:03:35-03:00,0 days 00:00:36
2475,529,-1.0,2020-12-14 20:40:26-03:00,0 days 00:00:40
2499,529,-1.0,2020-12-15 21:39:02-03:00,0 days 00:00:38
2500,529,-1.0,2020-12-15 21:39:27-03:00,0 days 00:00:25
2502,529,-1.0,2020-12-15 21:51:24-03:00,0 days 00:00:29
2728,529,-1.0,2020-12-21 21:09:28-03:00,0 days 00:00:29
2505,530,-5.0,2020-12-16 08:59:53-03:00,0 days 00:01:49
2603,533,-1.0,2020-12-18 17:49:43-03:00,0 days 00:00:45
2605,533,-1.0,2020-12-18 17:50:35-03:00,0 days 00:00:52
2644,533,-1.0,2020-12-18 21:30:22-03:00,0 days 00:01:33
2733,533,-1.0,2020-12-21 21:15:47-03:00,0 days 00:00:28
2734,533,-1.0,2020-12-21 21:16:12-03:00,0 days 00:00:25
2742,533,-1.0,2020-12-21 21:40:06-03:00,0 days 00:00:41
2743,533,-1.0,2020-12-21 21:40:32-03:00,0 days 00:00:26
2744,533,-2.0,2020-12-21 21:41:20-03:00,0 days 00:00:48
2751,533,-1.0,2020-12-21 22:01:07-03:00,0 days 00:00:57
2752,533,-1.0,2020-12-21 22:01:36-03:00,0 days 00:00:29
2754,533,-1.0,2020-12-21 22:03:13-03:00,0 days 00:01:37
2802,533,-1.0,2020-12-22 20:44:34-03:00,0 days 00:01:19
2803,533,-1.0,2020-12-22 20:45:46-03:00,0 days 00:01:12
2835,533,-1.0,2020-12-23 18:45:15-03:00,0 days 00:00:29
2836,533,-1.0,2020-12-23 18:45:39-03:00,0 days 00:00:24
2837,533,-1.0,2020-12-23 18:46:25-03:00,0 days 00:00:46
2860,533,-1.0,2020-12-25 17:50:07-03:00,0 days 00:00:29
2862,533,-1.0,2020-12-25 17:51:33-03:00,0 days 00:01:26
2870,533,-1.0,2020-12-25 18:15:49-03:00,0 days 00:00:33
2872,533,-1.0,2020-12-25 18:16:25-03:00,0 days 00:00:36
2929,533,-1.0,2021-01-02 20:22:43-03:00,0 days 00:01:07
2930,533,-1.0,2021-01-02 20:23:20-03:00,0 days 00:00:37
2939,533,-1.0,2021-01-04 20:23:32-03:00,0 days 00:00:34
2940,533,-1.0,2021-01-04 20:24:13-03:00,0 days 00:00:41
2974,533,-1.0,2021-01-08 19:49:08-03:00,0 days 00:01:36
2975,533,-1.0,2021-01-08 19:49:59-03:00,0 days 00:00:51
2976,533,-3.0,2021-01-08 19:51:10-03:00,0 days 00:01:11
3002,533,-1.0,2021-01-14 07:46:26-03:00,0 days 00:00:29
3003,533,-1.0,2021-01-14 07:47:17-03:00,0 days 00:00:51
3004,533,-1.0,2021-01-14 07:47:43-03:00,0 days 00:00:26
3006,533,-1.0,2021-01-14 07:50:38-03:00,0 days 00:00:55
3011,533,-1.0,2021-01-14 08:07:19-03:00,0 days 00:00:44
3012,533,-2.0,2021-01-14 08:07:41-03:00,0 days 00:00:22
3013,533,-2.0,2021-01-14 08:08:12-03:00,0 days 00:00:31
3014,533,-2.0,2021-01-14 08:09:57-03:00,0 days 00:01:45
3015,533,-1.0,2021-01-14 08:10:36-03:00,0 days 00:00:39
3073,533,-1.0,2021-01-23 09:23:52-03:00,0 days 00:00:41
3074,533,-1.0,2021-01-23 09:24:24-03:00,0 days 00:00:32
3075,533,-1.0,2021-01-23 09:25:02-03:00,0 days 00:00:38
3076,533,-1.0,2021-01-23 09:26:21-03:00,0 days 00:01:19
3077,533,-2.0,2021-01-23 09:27:20-03:00,0 days 00:00:59
3084,533,-2.0,2021-01-28 09:41:00-03:00,0 days 00:00:44
3085,533,-2.0,2021-01-28 09:41:43-03:00,0 days 00:00:43
3086,533,-2.0,2021-01-28 09:42:23-03:00,0 days 00:00:40
3087,533,-2.0,2021-01-28 09:43:51-03:00,0 days 00:01:28
3089,533,-1.0,2021-01-28 09:48:19-03:00,0 days 00:01:22
3090,533,-2.0,2021-01-28 09:49:26-03:00,0 days 00:01:07
3094,533,-1.0,2021-01-28 10:09:04-03:00,0 days 00:00:25
3095,533,-1.0,2021-01-28 10:10:15-03:00,0 days 00:01:11
3098,533,-2.0,2021-01-28 10:17:28-03:00,0 days 00:00:44
3099,533,-2.0,2021-01-28 10:18:47-03:00,0 days 00:01:19
3100,533,-2.0,2021-01-28 10:20:22-03:00,0 days 00:01:35
3104,533,-1.0,2021-01-28 10:30:51-03:00,0 days 00:00:41
3110,533,-2.0,2021-01-28 20:18:06-03:00,0 days 00:00:54
3111,533,-2.0,2021-01-28 20:18:46-03:00,0 days 00:00:40
3112,533,-2.0,2021-01-28 20:19:19-03:00,0 days 00:00:33
3113,533,-2.0,2021-01-28 20:20:03-03:00,0 days 00:00:44
3114,533,-2.0,2021-01-28 20:20:32-03:00,0 days 00:00:29
3115,533,-2.0,2021-01-28 20:21:25-03:00,0 days 00:00:53
3116,533,-2.0,2021-01-28 20:22:12-03:00,0 days 00:00:47
3117,533,-2.0,2021-01-28 20:23:17-03:00,0 days 00:01:05
3118,533,-2.0,2021-01-28 20:24:03-03:00,0 days 00:00:46
3122,533,-2.0,2021-01-28 20:52:28-03:00,0 days 00:00:33
3123,533,-2.0,2021-01-28 20:53:22-03:00,0 days 00:00:54
3124,533,-2.0,2021-01-28 20:54:10-03:00,0 days 00:00:48
3125,533,-2.0,2021-01-28 20:55:09-03:00,0 days 00:00:59
3126,533,-2.0,2021-01-28 20:55:58-03:00,0 days 00:00:49
3127,533,-2.0,2021-01-28 20:57:39-03:00,0 days 00:01:41
3128,533,-2.0,2021-01-28 20:58:54-03:00,0 days 00:01:15
3129,533,-2.0,2021-01-28 21:00:19-03:00,0 days 00:01:25
3130,533,-1.0,2021-01-28 21:01:00-03:00,0 days 00:00:41
3131,533,-1.0,2021-01-28 21:01:30-03:00,0 days 00:00:30
3135,533,-2.0,2021-01-28 21:29:37-03:00,0 days 00:01:10
3136,533,-2.0,2021-01-28 21:30:33-03:00,0 days 00:00:56
3137,533,-2.0,2021-01-28 21:31:09-03:00,0 days 00:00:36
3138,533,-2.0,2021-01-28 21:32:34-03:00,0 days 00:01:25
3139,533,-2.0,2021-01-28 21:33:42-03:00,0 days 00:01:08
3140,533,-2.0,2021-01-28 21:34:19-03:00,0 days 00:00:37
3141,533,-2.0,2021-01-28 21:35:23-03:00,0 days 00:01:04
3142,533,-2.0,2021-01-28 21:37:09-03:00,0 days 00:01:46
3143,533,-1.0,2021-01-28 21:38:43-03:00,0 days 00:01:34
3144,533,-1.0,2021-01-28 21:40:15-03:00,0 days 00:01:32
3148,533,-2.0,2021-01-29 11:07:49-03:00,0 days 00:01:18
3150,533,-2.0,2021-01-29 11:12:10-03:00,0 days 00:01:17
3151,533,-2.0,2021-01-29 11:12:50-03:00,0 days 00:00:40
3152,533,-2.0,2021-01-29 11:13:39-03:00,0 days 00:00:49
3153,533,-2.0,2021-01-29 11:14:34-03:00,0 days 00:00:55
3154,533,-2.0,2021-01-29 11:15:38-03:00,0 days 00:01:04
3155,533,-2.0,2021-01-29 11:16:32-03:00,0 days 00:00:54
3158,533,-3.0,2021-01-29 11:27:21-03:00,0 days 00:01:28
3159,533,-3.0,2021-01-29 11:28:26-03:00,0 days 00:01:05
3160,533,-3.0,2021-01-29 11:29:35-03:00,0 days 00:01:09
3161,533,-4.0,2021-01-29 11:30:46-03:00,0 days 00:01:11
3162,533,-5.0,2021-01-29 11:31:48-03:00,0 days 00:01:02
3167,533,-3.0,2021-01-29 11:51:11-03:00,0 days 00:01:34
3168,533,-3.0,2021-01-29 11:51:46-03:00,0 days 00:00:35
3169,533,-3.0,2021-01-29 11:52:39-03:00,0 days 00:00:53
3170,533,-3.0,2021-01-29 11:53:03-03:00,0 days 00:00:24
3171,533,-3.0,2021-01-29 11:53:32-03:00,0 days 00:00:29
3172,533,-3.0,2021-01-29 11:54:17-03:00,0 days 00:00:45
3173,533,-3.0,2021-01-29 11:55:22-03:00,0 days 00:01:05
3174,533,-3.0,2021-01-29 11:56:05-03:00,0 days 00:00:43
3175,533,-5.0,2021-01-29 11:57:30-03:00,0 days 00:01:25
3176,533,-5.0,2021-01-29 11:58:27-03:00,0 days 00:00:57
3177,533,-2.0,2021-01-29 11:59:19-03:00,0 days 00:00:52
3181,533,-3.0,2021-01-29 20:09:36-03:00,0 days 00:01:22
3183,533,-3.0,2021-01-29 20:13:14-03:00,0 days 00:01:07
3184,533,-3.0,2021-01-29 20:14:12-03:00,0 days 00:00:58
3185,533,-3.0,2021-01-29 20:15:50-03:00,0 days 00:01:38
3186,533,-3.0,2021-01-29 20:16:46-03:00,0 days 00:00:56
3187,533,-3.0,2021-01-29 20:17:39-03:00,0 days 00:00:53
3189,533,-5.0,2021-01-29 20:26:57-03:00,0 days 00:01:31
3190,533,-3.0,2021-01-29 20:28:52-03:00,0 days 00:01:55
3191,533,-2.0,2021-01-29 20:29:59-03:00,0 days 00:01:07
3193,533,-2.0,2021-01-29 20:34:59-03:00,0 days 00:01:02
3198,533,-3.0,2021-01-29 21:03:04-03:00,0 days 00:00:33
3199,533,-3.0,2021-01-29 21:04:08-03:00,0 days 00:01:04
3200,533,-3.0,2021-01-29 21:04:34-03:00,0 days 00:00:26
3201,533,-3.0,2021-01-29 21:04:58-03:00,0 days 00:00:24
3202,533,-3.0,2021-01-29 21:05:34-03:00,0 days 00:00:36
3203,533,-3.0,2021-01-29 21:06:01-03:00,0 days 00:00:27
3205,533,-5.0,2021-01-29 21:08:54-03:00,0 days 00:00:28
3206,533,-5.0,2021-01-29 21:09:35-03:00,0 days 00:00:41
3207,533,-5.0,2021-01-29 21:10:30-03:00,0 days 00:00:55
2692,534,-1.0,2020-12-18 23:15:17-03:00,0 days 00:01:33
2721,534,-2.0,2020-12-21 17:14:12-03:00,0 days 00:00:26
2730,534,-2.0,2020-12-21 21:15:16-03:00,0 days 00:01:13
2732,534,-1.0,2020-12-21 21:15:35-03:00,0 days 00:00:19
2842,534,-1.0,2020-12-23 21:04:14-03:00,0 days 00:00:10
2846,534,-1.0,2020-12-23 21:21:58-03:00,0 days 00:00:26
2888,534,-2.0,2020-12-28 23:48:55-03:00,0 days 00:00:42
2923,534,-1.0,2020-12-30 18:38:12-03:00,0 days 00:00:35
3021,570,-1.0,2021-01-14 12:36:48-03:00,0 days 00:00:38
3024,570,-2.0,2021-01-14 17:07:48-03:00,0 days 00:01:23
3279,586,-2.0,2021-02-27 12:32:25-03:00,0 days 00:01:28
3281,586,-2.0,2021-02-27 12:36:40-03:00,0 days 00:01:44
3283,586,-2.0,2021-02-27 12:38:39-03:00,0 days 00:01:59
3286,586,-2.0,2021-02-27 19:37:12-03:00,0 days 00:01:33
3287,586,-2.0,2021-02-27 19:38:56-03:00,0 days 00:01:44
3289,586,-2.0,2021-02-27 19:41:47-03:00,0 days 00:00:38
3311,586,-4.0,2021-03-03 19:28:51-03:00,0 days 00:01:12
3459,586,-2.0,2021-05-07 19:20:52-03:00,0 days 00:00:54
3461,586,-2.0,2021-05-07 19:24:24-03:00,0 days 00:01:26
6041,586,-4.0,2021-10-02 16:03:59-03:00,0 days 00:00:30
6040,586,-2.0,2021-10-02 16:04:29-03:00,0 days 00:00:30
6039,586,-2.0,2021-10-02 16:04:59-03:00,0 days 00:00:30
6036,586,-2.0,2021-10-02 16:05:29-03:00,0 days 00:00:30
6035,586,-2.0,2021-10-02 16:05:59-03:00,0 days 00:00:30
6034,586,-2.0,2021-10-02 16:06:29-03:00,0 days 00:00:30
6033,586,-3.0,2021-10-02 16:06:59-03:00,0 days 00:00:30
5430,586,-10.0,2021-10-02 16:07:29-03:00,0 days 00:00:30
3477,586,-2.0,2021-10-02 16:07:59-03:00,0 days 00:00:30
3390,643,-2.0,2021-04-02 17:46:20-03:00,0 days 00:01:59
3474,651,-2.0,2021-05-08 16:46:03-03:00,0 days 00:01:15
3535,660,-3.0,2021-05-22 13:33:04-03:00,0 days 00:01:05
3536,660,-3.0,2021-05-22 13:33:46-03:00,0 days 00:00:42
3539,660,-5.0,2021-05-22 13:43:55-03:00,0 days 00:01:30
3540,660,-5.0,2021-05-22 13:45:15-03:00,0 days 00:01:20
3541,660,-4.0,2021-05-22 13:46:19-03:00,0 days 00:01:04
3549,660,-5.0,2021-05-23 14:38:14-03:00,0 days 00:01:37
6199,671,-10.0,2021-10-05 19:29:26-03:00,0 days 00:00:52
6200,671,-5.0,2021-10-05 19:29:53-03:00,0 days 00:00:27
6257,671,-5.0,2021-10-06 18:17:23-03:00,0 days 00:01:03
6265,671,-45.0,2021-10-06 18:47:08-03:00,0 days 00:00:39
6306,671,-50.0,2021-10-07 18:57:35-03:00,0 days 00:01:57
6307,671,-5.0,2021-10-07 18:58:25-03:00,0 days 00:00:50
6332,671,-5.0,2021-10-09 13:43:58-03:00,0 days 00:00:24
6333,671,-3.0,2021-10-09 13:44:26-03:00,0 days 00:00:28
6335,671,-25.0,2021-10-09 13:54:51-03:00,0 days 00:01:35
6351,671,-30.0,2021-10-10 12:41:56-03:00,0 days 00:01:28
6449,671,-2.0,2021-10-12 18:51:27-03:00,0 days 00:00:56
6479,671,-4.0,2021-10-13 17:05:33-03:00,0 days 00:01:04
6481,671,-3.0,2021-10-13 17:57:23-03:00,0 days 00:01:42
6539,671,-2.0,2021-10-14 21:26:26-03:00,0 days 00:01:43
6573,671,-5.0,2021-10-15 22:12:44-03:00,0 days 00:00:41
6623,671,-3.0,2021-10-17 12:39:36-03:00,0 days 00:00:55
6636,671,-2.0,2021-10-17 14:16:26-03:00,0 days 00:01:08
6642,671,-2.0,2021-10-17 17:06:49-03:00,0 days 00:01:48
6672,671,-30.0,2021-10-18 18:27:48-03:00,0 days 00:01:10
6682,671,-2.0,2021-10-19 12:35:18-03:00,0 days 00:01:42
6782,671,-2.0,2021-10-20 18:47:01-03:00,0 days 00:01:36
6824,671,-2.0,2021-10-21 19:41:20-03:00,0 days 00:01:18
7029,671,-5.0,2021-10-26 14:03:20-03:00,0 days 00:01:37
7031,671,-5.0,2021-10-26 14:09:45-03:00,0 days 00:01:05
7044,671,-20.0,2021-10-26 18:29:04-03:00,0 days 00:01:49
7097,671,-2.0,2021-10-27 18:26:45-03:00,0 days 00:01:19
7098,671,-5.0,2021-10-27 18:27:43-03:00,0 days 00:00:58
7108,671,-2.0,2021-10-27 19:48:16-03:00,0 days 00:01:07
7152,671,-3.0,2021-10-28 21:57:06-03:00,0 days 00:01:42
7153,671,-2.0,2021-10-28 21:57:56-03:00,0 days 00:00:50
7306,671,-2.0,2021-11-01 19:47:47-03:00,0 days 00:01:28
7307,671,-2.0,2021-11-01 19:49:23-03:00,0 days 00:01:36
7308,671,-2.0,2021-11-01 19:51:16-03:00,0 days 00:01:53
7325,671,-10.0,2021-11-02 10:03:28-03:00,0 days 00:01:56
7326,671,-6.0,2021-11-02 10:05:12-03:00,0 days 00:01:44
7343,671,-40.0,2021-11-02 12:36:36-03:00,0 days 00:00:52
7344,671,-5.0,2021-11-02 12:38:18-03:00,0 days 00:01:42
7347,671,-2.0,2021-11-02 12:47:07-03:00,0 days 00:01:18
7348,671,-25.0,2021-11-02 12:48:34-03:00,0 days 00:01:27
7372,671,-2.0,2021-11-02 20:45:48-03:00,0 days 00:01:52
7391,671,-10.0,2021-11-03 12:17:28-03:00,0 days 00:00:54
7392,671,-40.0,2021-11-03 12:18:37-03:00,0 days 00:01:09
7403,671,-55.0,2021-11-03 14:38:15-03:00,0 days 00:01:49
7438,671,-100.0,2021-11-03 20:56:44-03:00,0 days 00:01:14
7441,671,-50.0,2021-11-03 21:02:30-03:00,0 days 00:01:56
7485,671,-5.0,2021-11-04 18:44:00-03:00,0 days 00:00:41
7584,671,-2.0,2021-11-06 17:01:10-03:00,0 days 00:01:58
7613,671,-2.0,2021-11-07 10:52:35-03:00,0 days 00:00:48
7641,671,-30.0,2021-11-07 15:49:04-03:00,0 days 00:01:57
7656,671,-50.0,2021-11-08 16:08:07-03:00,0 days 00:01:04
7665,671,-3.0,2021-11-08 18:38:43-03:00,0 days 00:00:45
7669,671,-5.0,2021-11-08 19:09:34-03:00,0 days 00:01:08
7670,671,-10.0,2021-11-08 19:10:08-03:00,0 days 00:00:34
7677,671,-2.0,2021-11-08 19:47:03-03:00,0 days 00:01:58
7678,671,-20.0,2021-11-08 19:48:05-03:00,0 days 00:01:02
7682,671,-3.0,2021-11-08 19:56:31-03:00,0 days 00:01:48
7723,671,-4.0,2021-11-09 19:16:13-03:00,0 days 00:01:46
7724,671,-2.0,2021-11-09 19:16:50-03:00,0 days 00:00:37
7728,671,-30.0,2021-11-09 21:07:44-03:00,0 days 00:01:01
7730,671,-100.0,2021-11-09 21:14:55-03:00,0 days 00:01:54
7735,671,-2.0,2021-11-10 12:21:07-03:00,0 days 00:00:53
7736,671,-40.0,2021-11-10 12:22:08-03:00,0 days 00:01:01
7740,671,-20.0,2021-11-10 17:55:35-03:00,0 days 00:01:59
7741,671,-2.0,2021-11-10 17:56:21-03:00,0 days 00:00:46
7744,671,-10.0,2021-11-10 18:25:54-03:00,0 days 00:01:15
7745,671,-2.0,2021-11-10 18:27:36-03:00,0 days 00:01:42
7747,671,-2.0,2021-11-10 18:40:35-03:00,0 days 00:00:27
7768,671,-2.0,2021-11-13 15:07:44-03:00,0 days 00:01:50
7770,671,-5.0,2021-11-13 18:27:50-03:00,0 days 00:01:45
7778,671,-7.0,2021-11-14 10:30:17-03:00,0 days 00:00:54
7779,671,-3.0,2021-11-14 10:30:45-03:00,0 days 00:00:28
7781,671,-20.0,2021-11-14 11:27:15-03:00,0 days 00:01:18
7783,671,-2.0,2021-11-14 11:34:09-03:00,0 days 00:01:51
7789,671,-100.0,2021-11-15 10:45:47-03:00,0 days 00:01:03
7795,671,-100.0,2021-11-15 15:29:28-03:00,0 days 00:01:35
7798,671,-15.0,2021-11-15 15:33:14-03:00,0 days 00:01:25
7799,671,-2.0,2021-11-15 15:34:25-03:00,0 days 00:01:11
7800,671,-10.0,2021-11-15 15:36:10-03:00,0 days 00:01:45
7804,671,-2.0,2021-11-16 12:31:27-03:00,0 days 00:00:59
7826,671,-2.0,2021-11-17 06:46:06-03:00,0 days 00:01:34
7870,671,-2.0,2021-11-17 18:37:09-03:00,0 days 00:01:06
7871,671,-2.0,2021-11-17 18:38:10-03:00,0 days 00:01:01
7872,671,-30.0,2021-11-17 18:39:23-03:00,0 days 00:01:13
7876,671,-2.0,2021-11-17 18:58:03-03:00,0 days 00:01:53
7878,671,-5.0,2021-11-17 19:47:27-03:00,0 days 00:01:26
7899,671,-2.0,2021-11-19 14:22:08-03:00,0 days 00:00:40
7904,671,-5.0,2021-11-19 16:46:36-03:00,0 days 00:00:50
7909,671,-2.0,2021-11-19 19:40:03-03:00,0 days 00:00:42
7912,671,-2.0,2021-11-19 20:58:01-03:00,0 days 00:01:37
7926,671,-10.0,2021-11-20 16:14:23-03:00,0 days 00:00:36
7929,671,-10.0,2021-11-20 16:43:44-03:00,0 days 00:00:55
7934,671,-5.0,2021-11-20 18:50:26-03:00,0 days 00:01:45
7935,671,-10.0,2021-11-20 18:52:21-03:00,0 days 00:01:55
7939,671,-2.0,2021-11-20 19:40:32-03:00,0 days 00:01:51
7956,671,-25.0,2021-11-21 11:22:07-03:00,0 days 00:00:40
7974,671,-2.0,2021-11-21 21:28:39-03:00,0 days 00:01:42
7976,671,-5.0,2021-11-22 12:19:53-03:00,0 days 00:01:19
7979,671,-10.0,2021-11-22 12:32:10-03:00,0 days 00:01:49
7986,671,-10.0,2021-11-22 20:56:01-03:00,0 days 00:01:39
8005,671,-2.0,2021-11-24 12:21:01-03:00,0 days 00:01:20
8025,671,-50.0,2021-11-25 12:57:53-03:00,0 days 00:00:38
8045,671,-20.0,2021-11-27 15:09:12-03:00,0 days 00:01:57
8047,671,-10.0,2021-11-27 15:13:31-03:00,0 days 00:01:12
8050,671,-2.0,2021-11-27 15:21:20-03:00,0 days 00:01:47
8059,671,-10.0,2021-11-28 12:00:02-03:00,0 days 00:01:24
8072,671,-50.0,2021-11-28 15:59:15-03:00,0 days 00:00:42
8077,671,-10.0,2021-11-28 19:40:36-03:00,0 days 00:00:42
8082,671,-50.0,2021-11-29 07:48:23-03:00,0 days 00:00:46
8093,671,-2.0,2021-11-30 12:57:29-03:00,0 days 00:00:46
8120,671,-40.0,2021-12-03 12:25:16-03:00,0 days 00:00:31
8123,671,-83.0,2021-12-03 12:44:13-03:00,0 days 00:01:49
8129,671,-20.0,2021-12-03 13:46:27-03:00,0 days 00:01:58
8149,671,-2.0,2021-12-05 15:41:37-03:00,0 days 00:00:57
8152,671,-150.0,2021-12-05 15:45:24-03:00,0 days 00:01:42
8154,671,-2.0,2021-12-05 15:49:20-03:00,0 days 00:01:43
8156,671,-5.0,2021-12-05 15:53:11-03:00,0 days 00:01:50
8160,671,-2.0,2021-12-05 17:56:23-03:00,0 days 00:01:16
8161,671,-10.0,2021-12-05 17:58:11-03:00,0 days 00:01:48
8164,671,-2.0,2021-12-05 18:29:14-03:00,0 days 00:01:18
8165,671,-2.0,2021-12-05 18:31:04-03:00,0 days 00:01:50
8169,671,-5.0,2021-12-05 18:52:52-03:00,0 days 00:01:31
8180,671,-5.0,2021-12-06 18:27:18-03:00,0 days 00:00:46
8183,671,-1.0,2021-12-06 19:59:04-03:00,0 days 00:00:53
8192,671,-30.0,2021-12-07 16:31:11-03:00,0 days 00:01:05
8207,671,-10.0,2021-12-08 16:45:01-03:00,0 days 00:01:40
8208,671,-10.0,2021-12-08 16:46:39-03:00,0 days 00:01:38
8209,671,-3.0,2021-12-08 16:48:14-03:00,0 days 00:01:35
8210,671,-1.0,2021-12-08 16:49:12-03:00,0 days 00:00:58
8219,671,-3.0,2021-12-09 09:42:04-03:00,0 days 00:00:40
8224,671,-2.0,2021-12-09 12:27:45-03:00,0 days 00:01:09
8227,671,-2.0,2021-12-09 12:41:21-03:00,0 days 00:00:58
8235,671,-5.0,2021-12-09 14:17:32-03:00,0 days 00:01:54
8236,671,-5.0,2021-12-09 14:17:56-03:00,0 days 00:00:24
8241,671,-3.0,2021-12-09 16:44:22-03:00,0 days 00:00:36
8244,671,-20.0,2021-12-09 18:43:35-03:00,0 days 00:00:37
8303,671,-20.0,2021-12-14 09:11:28-03:00,0 days 00:00:51
8309,671,-2.0,2021-12-14 13:52:06-03:00,0 days 00:00:36
8315,671,-10.0,2021-12-15 07:02:31-03:00,0 days 00:00:40
8319,671,-2.0,2021-12-15 12:44:14-03:00,0 days 00:01:05
8321,671,-2.0,2021-12-15 12:53:46-03:00,0 days 00:01:02
8326,671,-2.0,2021-12-16 12:33:39-03:00,0 days 00:00:39
8385,671,-2.0,2021-12-21 12:54:05-03:00,0 days 00:00:44
8386,671,-2.0,2021-12-21 12:54:44-03:00,0 days 00:00:39
8387,671,-2.0,2021-12-21 12:55:12-03:00,0 days 00:00:28
8389,671,-20.0,2021-12-21 13:12:47-03:00,0 days 00:01:15
8434,671,-2.0,2021-12-31 11:03:06-03:00,0 days 00:00:49
8446,671,-25.0,2022-01-02 09:53:55-03:00,0 days 00:00:55
8455,671,-10.0,2022-01-03 12:26:45-03:00,0 days 00:01:41
8470,671,-30.0,2022-01-05 12:41:12-03:00,0 days 00:00:40
8481,671,-3.0,2022-01-06 12:25:31-03:00,0 days 00:01:45
8487,671,-100.0,2022-01-07 12:25:39-03:00,0 days 00:01:37
8491,671,-10.0,2022-01-08 06:04:51-03:00,0 days 00:00:30
8496,671,-5.0,2022-01-08 11:29:37-03:00,0 days 00:01:45
8511,671,-10.0,2022-01-09 09:55:10-03:00,0 days 00:00:55
8583,671,-100.0,2022-01-13 12:17:25-03:00,0 days 00:00:30
8582,671,-15.0,2022-01-13 12:17:55-03:00,0 days 00:00:30
8581,671,-100.0,2022-01-13 12:18:25-03:00,0 days 00:00:30
8580,671,-10.0,2022-01-13 12:18:55-03:00,0 days 00:00:30
8577,671,-2.0,2022-01-13 12:19:25-03:00,0 days 00:00:30
8576,671,-10.0,2022-01-13 12:19:55-03:00,0 days 00:00:30
8575,671,-5.0,2022-01-13 12:20:25-03:00,0 days 00:00:30
8574,671,-10.0,2022-01-13 12:20:55-03:00,0 days 00:00:30
8573,671,-10.0,2022-01-13 12:21:25-03:00,0 days 00:00:30
3589,689,-2.0,2021-06-11 22:03:00-03:00,0 days 00:01:37
3675,689,-2.0,2021-06-15 18:22:57-03:00,0 days 00:01:26
3676,689,-3.0,2021-06-15 18:24:14-03:00,0 days 00:01:17
3691,689,-2.0,2021-06-17 13:47:11-03:00,0 days 00:01:26
3692,689,-2.0,2021-06-17 13:47:52-03:00,0 days 00:00:41
3762,689,-2.0,2021-06-21 21:35:59-03:00,0 days 00:01:36
3767,689,-4.0,2021-06-22 08:17:38-03:00,0 days 00:01:12
3826,689,-2.0,2021-06-24 12:10:42-03:00,0 days 00:00:40
3828,689,-2.0,2021-06-24 12:18:29-03:00,0 days 00:01:02
3842,689,-2.0,2021-06-24 21:09:04-03:00,0 days 00:00:58
3896,689,-5.0,2021-06-27 09:29:14-03:00,0 days 00:01:19
3995,689,-3.0,2021-06-29 18:10:27-03:00,0 days 00:01:40
4006,689,-2.0,2021-06-30 07:06:41-03:00,0 days 00:00:50
4007,689,-2.0,2021-06-30 07:07:29-03:00,0 days 00:00:48
4008,689,-5.0,2021-06-30 07:08:31-03:00,0 days 00:01:02
4009,689,-2.0,2021-06-30 07:09:16-03:00,0 days 00:00:45
4010,689,-3.0,2021-06-30 07:09:57-03:00,0 days 00:00:41
4028,689,-5.0,2021-06-30 18:48:15-03:00,0 days 00:01:12
4031,689,-2.0,2021-06-30 18:56:58-03:00,0 days 00:01:15
4065,689,-2.0,2021-07-01 18:44:56-03:00,0 days 00:01:14
4133,689,-2.0,2021-07-03 13:50:22-03:00,0 days 00:01:34
4145,689,-2.0,2021-07-03 16:31:27-03:00,0 days 00:01:58
4180,689,-2.0,2021-07-04 14:21:13-03:00,0 days 00:00:24
4181,689,-3.0,2021-07-04 14:23:09-03:00,0 days 00:01:56
4190,689,-2.0,2021-07-04 18:59:24-03:00,0 days 00:01:18
4221,689,-5.0,2021-07-06 09:35:39-03:00,0 days 00:01:04
4222,689,-3.0,2021-07-06 09:36:28-03:00,0 days 00:00:49
4223,689,-2.0,2021-07-06 09:37:21-03:00,0 days 00:00:53
4274,689,-2.0,2021-07-07 18:59:55-03:00,0 days 00:01:22
4313,689,-2.0,2021-07-09 09:57:22-03:00,0 days 00:01:41
4314,689,-2.0,2021-07-09 09:58:23-03:00,0 days 00:01:01
4398,689,-5.0,2021-07-11 09:24:33-03:00,0 days 00:00:57
4407,689,-5.0,2021-07-11 12:51:28-03:00,0 days 00:00:39
4450,689,-2.0,2021-07-14 13:23:39-03:00,0 days 00:00:44
4462,689,-5.0,2021-07-14 19:36:24-03:00,0 days 00:01:29
4525,689,-2.0,2021-07-17 10:45:42-03:00,0 days 00:00:45
4526,689,-2.0,2021-07-17 10:46:26-03:00,0 days 00:00:44
4571,689,-5.0,2021-07-18 10:57:59-03:00,0 days 00:01:06
4576,689,-2.0,2021-07-18 15:38:01-03:00,0 days 00:00:47
4577,689,-2.0,2021-07-18 15:38:54-03:00,0 days 00:00:53
4578,689,-2.0,2021-07-18 15:39:32-03:00,0 days 00:00:38
3699,690,-10.0,2021-06-17 15:20:12-03:00,0 days 00:01:46
3703,690,-10.0,2021-06-17 15:53:42-03:00,0 days 00:01:09
3711,690,-20.0,2021-06-17 17:41:23-03:00,0 days 00:01:27
3772,690,-30.0,2021-06-22 11:33:53-03:00,0 days 00:01:27
3784,690,-30.0,2021-06-23 10:32:10-03:00,0 days 00:01:31
3811,690,-10.0,2021-06-24 09:49:11-03:00,0 days 00:01:09
3812,690,-10.0,2021-06-24 09:50:07-03:00,0 days 00:00:56
3813,690,-10.0,2021-06-24 09:51:48-03:00,0 days 00:01:41
3832,690,-10.0,2021-06-24 13:30:43-03:00,0 days 00:01:05
3833,690,-10.0,2021-06-24 13:31:40-03:00,0 days 00:00:57
3834,690,-10.0,2021-06-24 13:33:35-03:00,0 days 00:01:55
3837,690,-30.0,2021-06-24 13:46:55-03:00,0 days 00:01:18
3852,690,-10.0,2021-06-25 11:06:07-03:00,0 days 00:01:36
3854,690,-20.0,2021-06-25 11:09:16-03:00,0 days 00:00:54
3870,690,-10.0,2021-06-26 10:02:35-03:00,0 days 00:01:33
3871,690,-10.0,2021-06-26 10:03:39-03:00,0 days 00:01:04
3874,690,-10.0,2021-06-26 10:11:21-03:00,0 days 00:01:31
3898,690,-50.0,2021-06-27 10:54:13-03:00,0 days 00:01:49
3922,690,-10.0,2021-06-28 08:12:02-03:00,0 days 00:01:33
3923,690,-10.0,2021-06-28 08:13:37-03:00,0 days 00:01:35
3924,690,-10.0,2021-06-28 08:15:03-03:00,0 days 00:01:26
3933,690,-10.0,2021-06-28 14:32:31-03:00,0 days 00:01:09
3949,690,-20.0,2021-06-29 08:53:19-03:00,0 days 00:01:31
3950,690,-10.0,2021-06-29 08:54:31-03:00,0 days 00:01:12
3951,690,-10.0,2021-06-29 08:56:02-03:00,0 days 00:01:31
3952,690,-10.0,2021-06-29 08:57:38-03:00,0 days 00:01:36
3953,690,-10.0,2021-06-29 08:59:22-03:00,0 days 00:01:44
4014,690,-10.0,2021-06-30 09:11:55-03:00,0 days 00:01:38
4015,690,-10.0,2021-06-30 09:13:26-03:00,0 days 00:01:31
4018,690,-10.0,2021-06-30 09:20:45-03:00,0 days 00:01:56
4020,690,-10.0,2021-06-30 10:25:41-03:00,0 days 00:01:15
4021,690,-10.0,2021-06-30 10:26:48-03:00,0 days 00:01:07
4022,690,-10.0,2021-06-30 10:28:21-03:00,0 days 00:01:33
4023,690,-10.0,2021-06-30 10:29:46-03:00,0 days 00:01:25
4043,690,-10.0,2021-07-01 08:08:39-03:00,0 days 00:01:11
4045,690,-10.0,2021-07-01 08:12:01-03:00,0 days 00:00:52
4046,690,-10.0,2021-07-01 08:13:35-03:00,0 days 00:01:34
4047,690,-10.0,2021-07-01 08:15:23-03:00,0 days 00:01:48
4052,690,-10.0,2021-07-01 08:26:02-03:00,0 days 00:01:48
4072,690,-10.0,2021-07-01 20:07:49-03:00,0 days 00:01:06
4076,690,-10.0,2021-07-02 08:31:41-03:00,0 days 00:01:45
4089,690,-10.0,2021-07-02 12:15:24-03:00,0 days 00:01:21
4090,690,-10.0,2021-07-02 12:16:47-03:00,0 days 00:01:23
4092,690,-10.0,2021-07-02 12:20:59-03:00,0 days 00:01:19
4097,690,-10.0,2021-07-02 15:03:20-03:00,0 days 00:01:16
4102,690,-20.0,2021-07-02 17:28:25-03:00,0 days 00:01:55
4115,690,-10.0,2021-07-03 10:33:57-03:00,0 days 00:01:33
4116,690,-10.0,2021-07-03 10:35:25-03:00,0 days 00:01:28
4119,690,-10.0,2021-07-03 10:41:27-03:00,0 days 00:01:17
4121,690,-10.0,2021-07-03 11:41:27-03:00,0 days 00:01:40
4136,690,-20.0,2021-07-03 14:01:21-03:00,0 days 00:01:16
4152,690,-10.0,2021-07-03 20:45:53-03:00,0 days 00:01:07
4153,690,-10.0,2021-07-03 20:47:44-03:00,0 days 00:01:51
4154,690,-10.0,2021-07-03 20:48:55-03:00,0 days 00:01:11
4165,690,-20.0,2021-07-04 10:42:58-03:00,0 days 00:01:10
4166,690,-10.0,2021-07-04 10:44:52-03:00,0 days 00:01:54
4167,690,-10.0,2021-07-04 10:46:43-03:00,0 days 00:01:51
4168,690,-10.0,2021-07-04 10:48:22-03:00,0 days 00:01:39
4169,690,-10.0,2021-07-04 10:50:10-03:00,0 days 00:01:48
4184,690,-10.0,2021-07-04 16:23:32-03:00,0 days 00:01:14
4188,690,-10.0,2021-07-04 18:32:02-03:00,0 days 00:01:15
4192,690,-10.0,2021-07-04 19:53:03-03:00,0 days 00:01:26
4199,690,-10.0,2021-07-05 09:48:26-03:00,0 days 00:01:29
4202,690,-10.0,2021-07-05 09:55:49-03:00,0 days 00:01:43
4203,690,-10.0,2021-07-05 09:57:31-03:00,0 days 00:01:42
4208,690,-10.0,2021-07-05 15:58:27-03:00,0 days 00:01:15
4209,690,-10.0,2021-07-05 15:59:16-03:00,0 days 00:00:49
4212,690,-10.0,2021-07-05 17:40:32-03:00,0 days 00:01:50
4225,690,-10.0,2021-07-06 09:42:57-03:00,0 days 00:00:46
4226,690,-10.0,2021-07-06 09:44:39-03:00,0 days 00:01:42
4227,690,-10.0,2021-07-06 09:45:56-03:00,0 days 00:01:17
4236,690,-10.0,2021-07-06 13:04:41-03:00,0 days 00:01:03
4240,690,-10.0,2021-07-06 14:04:24-03:00,0 days 00:00:56
4242,690,-10.0,2021-07-06 14:06:23-03:00,0 days 00:01:59
4243,690,-10.0,2021-07-06 14:07:59-03:00,0 days 00:01:36
4244,690,-10.0,2021-07-06 14:09:12-03:00,0 days 00:01:13
4264,690,-10.0,2021-07-07 08:18:13-03:00,0 days 00:00:53
4265,690,-10.0,2021-07-07 08:19:20-03:00,0 days 00:01:07
4266,690,-10.0,2021-07-07 08:21:06-03:00,0 days 00:01:46
4284,690,-10.0,2021-07-08 08:23:48-03:00,0 days 00:00:56
4285,690,-10.0,2021-07-08 08:24:56-03:00,0 days 00:01:08
4293,690,-10.0,2021-07-08 14:45:07-03:00,0 days 00:01:26
4305,690,-10.0,2021-07-09 08:16:26-03:00,0 days 00:01:57
4306,690,-10.0,2021-07-09 08:18:05-03:00,0 days 00:01:39
4307,690,-10.0,2021-07-09 08:19:19-03:00,0 days 00:01:14
4312,690,-10.0,2021-07-09 09:56:31-03:00,0 days 00:01:52
4316,690,-10.0,2021-07-09 11:03:11-03:00,0 days 00:01:31
4319,690,-20.0,2021-07-09 12:42:54-03:00,0 days 00:01:40
4324,690,-20.0,2021-07-09 13:39:56-03:00,0 days 00:01:38
4325,690,-50.0,2021-07-09 13:41:24-03:00,0 days 00:01:28
4332,690,-10.0,2021-07-09 20:31:17-03:00,0 days 00:01:11
4342,690,-10.0,2021-07-10 10:16:05-03:00,0 days 00:01:56
4344,690,-10.0,2021-07-10 10:18:59-03:00,0 days 00:00:53
4345,690,-10.0,2021-07-10 10:20:03-03:00,0 days 00:01:04
4359,690,-10.0,2021-07-10 17:55:20-03:00,0 days 00:01:57
4360,690,-20.0,2021-07-10 17:56:34-03:00,0 days 00:01:14
4361,690,-10.0,2021-07-10 17:57:22-03:00,0 days 00:00:48
4363,690,-10.0,2021-07-10 17:58:14-03:00,0 days 00:00:52
4365,690,-10.0,2021-07-10 18:02:14-03:00,0 days 00:01:34
4371,690,-10.0,2021-07-10 18:37:43-03:00,0 days 00:01:11
4372,690,-10.0,2021-07-10 18:39:22-03:00,0 days 00:01:39
4375,690,-10.0,2021-07-10 19:53:57-03:00,0 days 00:00:45
4376,690,-10.0,2021-07-10 19:54:44-03:00,0 days 00:00:47
4377,690,-10.0,2021-07-10 19:55:38-03:00,0 days 00:00:54
4378,690,-10.0,2021-07-10 19:56:57-03:00,0 days 00:01:19
4379,690,-10.0,2021-07-10 19:57:50-03:00,0 days 00:00:53
4380,690,-10.0,2021-07-10 19:58:50-03:00,0 days 00:01:00
4382,690,-20.0,2021-07-10 20:03:23-03:00,0 days 00:01:44
4383,690,-10.0,2021-07-10 20:04:56-03:00,0 days 00:01:33
4384,690,-10.0,2021-07-10 20:06:09-03:00,0 days 00:01:13
4387,690,-10.0,2021-07-10 20:11:07-03:00,0 days 00:01:38
4392,690,-10.0,2021-07-11 08:11:49-03:00,0 days 00:01:12
4393,690,-10.0,2021-07-11 08:13:21-03:00,0 days 00:01:32
4394,690,-10.0,2021-07-11 08:14:59-03:00,0 days 00:01:38
4400,695,-5.0,2021-07-11 10:52:43-03:00,0 days 00:01:53
4690,695,-10.0,2021-07-25 15:56:25-03:00,0 days 00:01:19
4691,695,-5.0,2021-07-25 15:57:48-03:00,0 days 00:01:23
4692,695,-5.0,2021-07-25 15:58:46-03:00,0 days 00:00:58
4853,695,-5.0,2021-08-02 18:56:00-03:00,0 days 00:01:32
4902,702,-2.0,2021-08-17 15:32:24-03:00,0 days 00:01:34
4905,702,-2.0,2021-08-17 17:58:48-03:00,0 days 00:00:50
4923,702,-2.0,2021-08-18 22:21:46-03:00,0 days 00:01:16
5121,702,-2.0,2021-09-05 12:11:10-03:00,0 days 00:01:29
5155,702,-2.0,2021-09-07 11:26:49-03:00,0 days 00:00:36
8042,702,-2.0,2021-11-27 14:26:30-03:00,0 days 00:00:57
8053,702,-2.0,2021-11-27 17:09:17-03:00,0 days 00:01:30
6097,715,-2.0,2021-10-03 16:14:48-03:00,0 days 00:00:57
6098,715,-5.0,2021-10-03 16:16:26-03:00,0 days 00:01:38
6099,715,-2.0,2021-10-03 16:16:52-03:00,0 days 00:00:26
6100,715,-2.0,2021-10-03 16:17:30-03:00,0 days 00:00:38
6105,715,-2.0,2021-10-03 17:43:02-03:00,0 days 00:00:25
6114,715,-2.0,2021-10-03 19:59:39-03:00,0 days 00:01:36
6115,715,-2.0,2021-10-03 20:00:23-03:00,0 days 00:00:44
6119,715,-2.0,2021-10-03 23:27:25-03:00,0 days 00:00:41
6120,715,-2.0,2021-10-03 23:27:43-03:00,0 days 00:00:18
6121,715,-2.0,2021-10-03 23:28:25-03:00,0 days 00:00:42
6122,715,-2.0,2021-10-03 23:28:52-03:00,0 days 00:00:27
6206,715,-2.0,2021-10-05 20:28:34-03:00,0 days 00:00:57
6207,715,-2.0,2021-10-05 20:28:51-03:00,0 days 00:00:17
6209,715,-2.0,2021-10-05 20:50:59-03:00,0 days 00:00:47
6210,715,-2.0,2021-10-05 20:51:39-03:00,0 days 00:00:40
6211,715,-2.0,2021-10-05 20:52:10-03:00,0 days 00:00:31
6216,715,-5.0,2021-10-05 23:49:36-03:00,0 days 00:00:39
6217,715,-2.0,2021-10-05 23:50:11-03:00,0 days 00:00:35
6218,715,-2.0,2021-10-05 23:50:57-03:00,0 days 00:00:46
6219,715,-2.0,2021-10-05 23:51:42-03:00,0 days 00:00:45
6220,715,-2.0,2021-10-05 23:52:18-03:00,0 days 00:00:36
6221,715,-2.0,2021-10-05 23:52:36-03:00,0 days 00:00:18
6222,715,-2.0,2021-10-05 23:52:53-03:00,0 days 00:00:17
6223,715,-2.0,2021-10-05 23:53:26-03:00,0 days 00:00:33
6224,715,-2.0,2021-10-05 23:53:54-03:00,0 days 00:00:28
6225,715,-2.0,2021-10-05 23:54:17-03:00,0 days 00:00:23
5324,730,-10.0,2021-09-19 11:38:47-03:00,0 days 00:01:30
5745,730,-2.0,2021-09-26 17:02:14-03:00,0 days 00:01:55
5753,730,-2.0,2021-09-26 18:57:50-03:00,0 days 00:01:28
5867,730,-2.0,2021-09-28 18:34:59-03:00,0 days 00:01:54
6250,730,-2.0,2021-10-06 18:07:34-03:00,0 days 00:01:06
6252,730,-2.0,2021-10-06 18:09:33-03:00,0 days 00:01:59
6255,730,-2.0,2021-10-06 18:10:58-03:00,0 days 00:01:25
6777,730,-2.0,2021-10-20 18:28:29-03:00,0 days 00:01:05
6895,730,-15.0,2021-10-23 18:16:51-03:00,0 days 00:00:48
6967,730,-2.0,2021-10-24 19:40:11-03:00,0 days 00:00:45
6968,730,-2.0,2021-10-24 19:41:48-03:00,0 days 00:01:37
7406,730,-5.0,2021-11-03 15:38:10-03:00,0 days 00:01:48
5426,732,-2.0,2021-09-22 20:19:41-03:00,0 days 00:01:09
5428,732,-2.0,2021-09-22 20:48:00-03:00,0 days 00:01:20
5435,732,-2.0,2021-09-22 22:23:26-03:00,0 days 00:01:59
5486,732,-2.0,2021-09-23 00:42:44-03:00,0 days 00:01:23
5488,732,-2.0,2021-09-23 00:47:29-03:00,0 days 00:01:37
5561,732,-2.0,2021-09-23 23:06:18-03:00,0 days 00:01:17
5569,732,-2.0,2021-09-24 00:49:26-03:00,0 days 00:00:44
5570,732,-2.0,2021-09-24 00:50:33-03:00,0 days 00:01:07
5571,732,-2.0,2021-09-24 00:52:13-03:00,0 days 00:01:40
5572,732,-2.0,2021-09-24 00:53:37-03:00,0 days 00:01:24
5607,732,-3.0,2021-09-24 19:10:20-03:00,0 days 00:01:42
5608,732,-3.0,2021-09-24 19:11:29-03:00,0 days 00:01:09
5615,732,-5.0,2021-09-24 21:16:10-03:00,0 days 00:01:07
5616,732,-5.0,2021-09-24 21:17:27-03:00,0 days 00:01:17
5618,732,-2.0,2021-09-24 21:23:15-03:00,0 days 00:01:40
5619,732,-2.0,2021-09-24 21:24:20-03:00,0 days 00:01:05
5620,732,-2.0,2021-09-24 21:25:23-03:00,0 days 00:01:03
5633,732,-2.0,2021-09-25 01:04:30-03:00,0 days 00:00:52
5634,732,-2.0,2021-09-25 01:05:32-03:00,0 days 00:01:02
5635,732,-2.0,2021-09-25 01:07:17-03:00,0 days 00:01:45
5636,732,-2.0,2021-09-25 01:08:59-03:00,0 days 00:01:42
5638,732,-2.0,2021-09-25 01:22:17-03:00,0 days 00:01:42
5702,732,-2.0,2021-09-25 21:54:49-03:00,0 days 00:00:50
5704,732,-2.0,2021-09-25 21:58:54-03:00,0 days 00:00:53
5706,732,-3.0,2021-09-26 00:28:22-03:00,0 days 00:01:05
5707,732,-4.0,2021-09-26 00:29:25-03:00,0 days 00:01:03
5742,732,-10.0,2021-09-26 15:39:43-03:00,0 days 00:00:59
5758,732,-2.0,2021-09-27 00:50:09-03:00,0 days 00:01:22
5759,732,-2.0,2021-09-27 00:51:16-03:00,0 days 00:01:07
5760,732,-2.0,2021-09-27 00:52:51-03:00,0 days 00:01:35
5761,732,-2.0,2021-09-27 00:54:27-03:00,0 days 00:01:36
5797,732,-2.0,2021-09-27 08:28:02-03:00,0 days 00:01:56
5805,732,-6.0,2021-09-27 10:49:10-03:00,0 days 00:01:50
5821,732,-5.0,2021-09-28 01:16:51-03:00,0 days 00:01:57
5830,732,-2.0,2021-09-28 11:06:31-03:00,0 days 00:00:47
5893,732,-4.0,2021-09-29 14:03:15-03:00,0 days 00:01:20
5894,732,-4.0,2021-09-29 14:04:50-03:00,0 days 00:01:35
5943,732,-5.0,2021-09-30 00:03:21-03:00,0 days 00:01:54
5945,732,-2.0,2021-09-30 00:14:20-03:00,0 days 00:01:29
6016,732,-10.0,2021-10-02 01:03:24-03:00,0 days 00:01:54
6017,732,-10.0,2021-10-02 01:04:34-03:00,0 days 00:01:10
6020,732,-3.0,2021-10-02 01:56:36-03:00,0 days 00:01:56
6049,732,-2.0,2021-10-02 18:50:44-03:00,0 days 00:01:51
6082,732,-2.0,2021-10-03 11:43:19-03:00,0 days 00:01:56
6087,732,-2.0,2021-10-03 12:41:58-03:00,0 days 00:01:59
6089,732,-4.0,2021-10-03 15:12:58-03:00,0 days 00:01:15
6093,732,-3.0,2021-10-03 16:09:02-03:00,0 days 00:01:26
6107,732,-2.0,2021-10-03 18:12:44-03:00,0 days 00:00:52
6158,732,-2.0,2021-10-04 20:51:11-03:00,0 days 00:01:05
6167,732,-2.0,2021-10-04 22:39:35-03:00,0 days 00:00:44
6168,732,-2.0,2021-10-04 22:40:51-03:00,0 days 00:01:16
6193,732,-3.0,2021-10-05 15:54:37-03:00,0 days 00:00:51
6231,732,-2.0,2021-10-06 01:13:24-03:00,0 days 00:01:36
6233,732,-4.0,2021-10-06 01:18:23-03:00,0 days 00:01:14
6234,732,-4.0,2021-10-06 01:19:09-03:00,0 days 00:00:46
6279,732,-2.0,2021-10-06 21:14:47-03:00,0 days 00:01:05
6280,732,-2.0,2021-10-06 21:15:34-03:00,0 days 00:00:47
6324,732,-2.0,2021-10-09 13:05:08-03:00,0 days 00:01:46
6326,732,-2.0,2021-10-09 13:08:59-03:00,0 days 00:01:42
6327,732,-2.0,2021-10-09 13:10:15-03:00,0 days 00:01:16
6328,732,-2.0,2021-10-09 13:11:16-03:00,0 days 00:01:01
6329,732,-2.0,2021-10-09 13:12:17-03:00,0 days 00:01:01
6363,732,-2.0,2021-10-10 13:54:21-03:00,0 days 00:01:16
6367,732,-2.0,2021-10-10 14:03:55-03:00,0 days 00:01:09
6369,732,-2.0,2021-10-10 14:08:38-03:00,0 days 00:00:36
6401,732,-2.0,2021-10-12 01:51:58-03:00,0 days 00:01:43
6402,732,-2.0,2021-10-12 01:53:17-03:00,0 days 00:01:19
6403,732,-2.0,2021-10-12 01:54:48-03:00,0 days 00:01:31
6404,732,-2.0,2021-10-12 01:55:26-03:00,0 days 00:00:38
6405,732,-2.0,2021-10-12 01:56:05-03:00,0 days 00:00:39
6406,732,-2.0,2021-10-12 01:56:45-03:00,0 days 00:00:40
6407,732,-2.0,2021-10-12 01:57:11-03:00,0 days 00:00:26
6408,732,-2.0,2021-10-12 01:57:49-03:00,0 days 00:00:38
6413,732,-2.0,2021-10-12 13:35:35-03:00,0 days 00:01:37
6415,732,-2.0,2021-10-12 13:38:45-03:00,0 days 00:01:03
6416,732,-2.0,2021-10-12 13:39:49-03:00,0 days 00:01:04
6417,732,-2.0,2021-10-12 13:41:02-03:00,0 days 00:01:13
6418,732,-2.0,2021-10-12 13:42:00-03:00,0 days 00:00:58
6419,732,-2.0,2021-10-12 13:42:59-03:00,0 days 00:00:59
6420,732,-2.0,2021-10-12 13:44:20-03:00,0 days 00:01:21
6421,732,-2.0,2021-10-12 13:45:43-03:00,0 days 00:01:23
6422,732,-2.0,2021-10-12 13:47:39-03:00,0 days 00:01:56
6423,732,-2.0,2021-10-12 13:48:58-03:00,0 days 00:01:19
6424,732,-2.0,2021-10-12 13:50:07-03:00,0 days 00:01:09
6425,732,-2.0,2021-10-12 13:51:07-03:00,0 days 00:01:00
6426,732,-2.0,2021-10-12 13:52:01-03:00,0 days 00:00:54
6427,732,-2.0,2021-10-12 13:52:28-03:00,0 days 00:00:27
6428,732,-2.0,2021-10-12 13:52:54-03:00,0 days 00:00:26
6442,732,-2.0,2021-10-12 17:20:53-03:00,0 days 00:01:59
6454,732,-2.0,2021-10-13 00:08:46-03:00,0 days 00:01:34
6455,732,-2.0,2021-10-13 00:10:39-03:00,0 days 00:01:53
6456,732,-2.0,2021-10-13 00:12:26-03:00,0 days 00:01:47
6458,732,-2.0,2021-10-13 00:16:05-03:00,0 days 00:01:29
6459,732,-2.0,2021-10-13 00:17:23-03:00,0 days 00:01:18
6460,732,-2.0,2021-10-13 00:18:56-03:00,0 days 00:01:33
6462,732,-2.0,2021-10-13 00:24:06-03:00,0 days 00:01:11
6463,732,-2.0,2021-10-13 00:25:48-03:00,0 days 00:01:42
6464,732,-2.0,2021-10-13 00:27:37-03:00,0 days 00:01:49
6465,732,-2.0,2021-10-13 00:29:12-03:00,0 days 00:01:35
6466,732,-2.0,2021-10-13 00:31:01-03:00,0 days 00:01:49
6469,732,-2.0,2021-10-13 00:38:08-03:00,0 days 00:01:39
6470,732,-2.0,2021-10-13 00:39:05-03:00,0 days 00:00:57
6471,732,-2.0,2021-10-13 00:41:02-03:00,0 days 00:01:57
6563,732,-5.0,2021-10-15 20:02:46-03:00,0 days 00:01:06
6564,732,-5.0,2021-10-15 20:04:06-03:00,0 days 00:01:20
6581,732,-4.0,2021-10-16 08:28:07-03:00,0 days 00:00:49
6611,732,-5.0,2021-10-16 23:41:39-03:00,0 days 00:00:52
6612,732,-5.0,2021-10-16 23:42:31-03:00,0 days 00:00:52
6613,732,-5.0,2021-10-16 23:43:23-03:00,0 days 00:00:52
6630,732,-5.0,2021-10-17 13:20:57-03:00,0 days 00:01:58
6665,732,-20.0,2021-10-18 18:02:59-03:00,0 days 00:01:19
6846,732,-5.0,2021-10-22 21:03:13-03:00,0 days 00:01:40
6850,732,-4.0,2021-10-23 01:03:01-03:00,0 days 00:01:06
6851,732,-4.0,2021-10-23 01:04:12-03:00,0 days 00:01:11
6853,732,-2.0,2021-10-23 01:07:20-03:00,0 days 00:00:34
6854,732,-2.0,2021-10-23 01:08:09-03:00,0 days 00:00:49
6855,732,-2.0,2021-10-23 01:08:56-03:00,0 days 00:00:47
6856,732,-2.0,2021-10-23 01:09:45-03:00,0 days 00:00:49
6857,732,-2.0,2021-10-23 01:10:46-03:00,0 days 00:01:01
6858,732,-2.0,2021-10-23 01:12:20-03:00,0 days 00:01:34
6863,732,-5.0,2021-10-23 10:48:52-03:00,0 days 00:00:21
6878,732,-2.0,2021-10-23 13:21:27-03:00,0 days 00:01:00
6879,732,-2.0,2021-10-23 13:22:21-03:00,0 days 00:00:54
6880,732,-2.0,2021-10-23 13:23:15-03:00,0 days 00:00:54
6881,732,-2.0,2021-10-23 13:24:13-03:00,0 days 00:00:58
6882,732,-2.0,2021-10-23 13:25:00-03:00,0 days 00:00:47
6883,732,-2.0,2021-10-23 13:25:42-03:00,0 days 00:00:42
6884,732,-2.0,2021-10-23 13:26:03-03:00,0 days 00:00:21
6891,732,-7.0,2021-10-23 17:04:04-03:00,0 days 00:00:58
6909,732,-4.0,2021-10-24 00:40:51-03:00,0 days 00:00:59
6910,732,-4.0,2021-10-24 00:41:46-03:00,0 days 00:00:55
6915,732,-5.0,2021-10-24 04:56:10-03:00,0 days 00:00:36
6916,732,-5.0,2021-10-24 04:58:03-03:00,0 days 00:01:53
6917,732,-5.0,2021-10-24 04:59:05-03:00,0 days 00:01:02
6918,732,-5.0,2021-10-24 04:59:59-03:00,0 days 00:00:54
6919,732,-10.0,2021-10-24 05:01:21-03:00,0 days 00:01:22
6931,732,-5.0,2021-10-24 10:19:07-03:00,0 days 00:01:45
6932,732,-5.0,2021-10-24 10:20:06-03:00,0 days 00:00:59
6933,732,-5.0,2021-10-24 10:21:28-03:00,0 days 00:01:22
6934,732,-5.0,2021-10-24 10:22:10-03:00,0 days 00:00:42
6935,732,-5.0,2021-10-24 10:22:48-03:00,0 days 00:00:38
6943,732,-5.0,2021-10-24 14:29:07-03:00,0 days 00:01:00
6944,732,-5.0,2021-10-24 14:30:15-03:00,0 days 00:01:08
6945,732,-6.0,2021-10-24 14:31:01-03:00,0 days 00:00:46
6946,732,-5.0,2021-10-24 14:32:05-03:00,0 days 00:01:04
6975,732,-5.0,2021-10-25 00:33:56-03:00,0 days 00:01:40
6976,732,-5.0,2021-10-25 00:34:31-03:00,0 days 00:00:35
6978,732,-2.0,2021-10-25 00:37:25-03:00,0 days 00:00:34
6979,732,-2.0,2021-10-25 00:38:06-03:00,0 days 00:00:41
6980,732,-2.0,2021-10-25 00:38:52-03:00,0 days 00:00:46
6982,732,-2.0,2021-10-25 00:41:50-03:00,0 days 00:00:43
6983,732,-2.0,2021-10-25 00:42:25-03:00,0 days 00:00:35
6984,732,-2.0,2021-10-25 00:43:36-03:00,0 days 00:01:11
7008,732,-5.0,2021-10-25 22:44:16-03:00,0 days 00:00:40
7009,732,-5.0,2021-10-25 22:45:01-03:00,0 days 00:00:45
7010,732,-5.0,2021-10-25 22:45:34-03:00,0 days 00:00:33
7011,732,-5.0,2021-10-25 22:46:25-03:00,0 days 00:00:51
7012,732,-5.0,2021-10-25 22:46:58-03:00,0 days 00:00:33
7013,732,-5.0,2021-10-25 22:47:24-03:00,0 days 00:00:26
7014,732,-3.0,2021-10-25 22:48:18-03:00,0 days 00:00:54
7015,732,-2.0,2021-10-25 22:48:54-03:00,0 days 00:00:36
7016,732,-2.0,2021-10-25 22:49:48-03:00,0 days 00:00:54
7017,732,-2.0,2021-10-25 22:50:30-03:00,0 days 00:00:42
7018,732,-2.0,2021-10-25 22:51:03-03:00,0 days 00:00:33
7019,732,-2.0,2021-10-25 22:52:15-03:00,0 days 00:01:12
7020,732,-2.0,2021-10-25 22:52:59-03:00,0 days 00:00:44
7025,732,-10.0,2021-10-26 10:57:40-03:00,0 days 00:00:30
7073,732,-5.0,2021-10-27 10:49:53-03:00,0 days 00:00:39
7083,732,-2.0,2021-10-27 15:09:41-03:00,0 days 00:00:33
7084,732,-2.0,2021-10-27 15:10:28-03:00,0 days 00:00:47
7136,732,-2.0,2021-10-28 15:57:00-03:00,0 days 00:00:24
7142,732,-2.0,2021-10-28 17:23:50-03:00,0 days 00:00:50
7143,732,-2.0,2021-10-28 17:24:45-03:00,0 days 00:00:55
7158,732,-2.0,2021-10-29 18:08:02-03:00,0 days 00:00:32
7159,732,-2.0,2021-10-29 18:08:35-03:00,0 days 00:00:33
7160,732,-2.0,2021-10-29 18:10:05-03:00,0 days 00:01:30
7161,732,-2.0,2021-10-29 18:11:07-03:00,0 days 00:01:02
7162,732,-2.0,2021-10-29 18:11:55-03:00,0 days 00:00:48
7183,732,-2.0,2021-10-29 22:21:21-03:00,0 days 00:00:39
7184,732,-2.0,2021-10-29 22:21:54-03:00,0 days 00:00:33
7185,732,-4.0,2021-10-29 22:23:29-03:00,0 days 00:01:35
7227,732,-4.0,2021-10-31 00:50:47-03:00,0 days 00:00:31
7228,732,-4.0,2021-10-31 00:51:16-03:00,0 days 00:00:29
7229,732,-4.0,2021-10-31 00:52:03-03:00,0 days 00:00:47
7230,732,-4.0,2021-10-31 00:52:52-03:00,0 days 00:00:49
7231,732,-4.0,2021-10-31 00:53:51-03:00,0 days 00:00:59
7232,732,-4.0,2021-10-31 00:54:57-03:00,0 days 00:01:06
7233,732,-4.0,2021-10-31 00:55:56-03:00,0 days 00:00:59
7234,732,-4.0,2021-10-31 00:57:05-03:00,0 days 00:01:09
7235,732,-4.0,2021-10-31 00:58:11-03:00,0 days 00:01:06
7236,732,-4.0,2021-10-31 00:59:57-03:00,0 days 00:01:46
7237,732,-4.0,2021-10-31 01:01:29-03:00,0 days 00:01:32
7246,732,-4.0,2021-10-31 15:18:49-03:00,0 days 00:01:46
7247,732,-4.0,2021-10-31 15:20:13-03:00,0 days 00:01:24
7248,732,-2.0,2021-10-31 15:21:52-03:00,0 days 00:01:39
7249,732,-2.0,2021-10-31 15:23:03-03:00,0 days 00:01:11
7250,732,-4.0,2021-10-31 15:24:21-03:00,0 days 00:01:18
7251,732,-3.0,2021-10-31 15:25:17-03:00,0 days 00:00:56
7252,732,-3.0,2021-10-31 15:26:11-03:00,0 days 00:00:54
7253,732,-2.0,2021-10-31 15:27:07-03:00,0 days 00:00:56
7254,732,-3.0,2021-10-31 15:28:02-03:00,0 days 00:00:55
7255,732,-4.0,2021-10-31 15:29:04-03:00,0 days 00:01:02
7278,732,-6.0,2021-11-01 10:22:22-03:00,0 days 00:00:36
7286,732,-3.0,2021-11-01 14:12:03-03:00,0 days 00:00:22
7287,732,-3.0,2021-11-01 14:12:22-03:00,0 days 00:00:19
7288,732,-3.0,2021-11-01 14:13:04-03:00,0 days 00:00:42
7289,732,-3.0,2021-11-01 14:14:42-03:00,0 days 00:01:38
7290,732,-3.0,2021-11-01 14:15:22-03:00,0 days 00:00:40
7291,732,-3.0,2021-11-01 14:16:02-03:00,0 days 00:00:40
7292,732,-3.0,2021-11-01 14:16:44-03:00,0 days 00:00:42
7293,732,-3.0,2021-11-01 14:17:32-03:00,0 days 00:00:48
7294,732,-3.0,2021-11-01 14:18:23-03:00,0 days 00:00:51
7313,732,-4.0,2021-11-01 22:10:28-03:00,0 days 00:01:23
7315,732,-4.0,2021-11-01 22:13:15-03:00,0 days 00:00:34
7316,732,-4.0,2021-11-01 22:13:49-03:00,0 days 00:00:34
7317,732,-4.0,2021-11-01 22:14:20-03:00,0 days 00:00:31
7318,732,-4.0,2021-11-01 22:15:07-03:00,0 days 00:00:47
7319,732,-4.0,2021-11-01 22:15:31-03:00,0 days 00:00:24
7320,732,-4.0,2021-11-01 22:15:52-03:00,0 days 00:00:21
7321,732,-4.0,2021-11-01 22:16:20-03:00,0 days 00:00:28
7329,732,-5.0,2021-11-02 11:04:12-03:00,0 days 00:01:09
7330,732,-5.0,2021-11-02 11:05:19-03:00,0 days 00:01:07
7331,732,-5.0,2021-11-02 11:05:45-03:00,0 days 00:00:26
7332,732,-5.0,2021-11-02 11:06:13-03:00,0 days 00:00:28
7333,732,-5.0,2021-11-02 11:06:56-03:00,0 days 00:00:43
7334,732,-5.0,2021-11-02 11:07:27-03:00,0 days 00:00:31
7335,732,-5.0,2021-11-02 11:07:57-03:00,0 days 00:00:30
7336,732,-5.0,2021-11-02 11:08:42-03:00,0 days 00:00:45
7337,732,-5.0,2021-11-02 11:09:22-03:00,0 days 00:00:40
7362,732,-6.0,2021-11-02 19:06:54-03:00,0 days 00:00:29
7363,732,-6.0,2021-11-02 19:07:36-03:00,0 days 00:00:42
7364,732,-6.0,2021-11-02 19:08:00-03:00,0 days 00:00:24
7365,732,-6.0,2021-11-02 19:08:22-03:00,0 days 00:00:22
7366,732,-6.0,2021-11-02 19:08:58-03:00,0 days 00:00:36
7367,732,-6.0,2021-11-02 19:09:18-03:00,0 days 00:00:20
7368,732,-6.0,2021-11-02 19:09:40-03:00,0 days 00:00:22
7369,732,-6.0,2021-11-02 19:10:13-03:00,0 days 00:00:33
7370,732,-6.0,2021-11-02 19:10:47-03:00,0 days 00:00:34
7378,732,-7.0,2021-11-03 08:39:21-03:00,0 days 00:00:38
7379,732,-7.0,2021-11-03 08:39:59-03:00,0 days 00:00:38
7380,732,-7.0,2021-11-03 08:40:27-03:00,0 days 00:00:28
7381,732,-7.0,2021-11-03 08:40:47-03:00,0 days 00:00:20
7382,732,-7.0,2021-11-03 08:41:13-03:00,0 days 00:00:26
7383,732,-7.0,2021-11-03 08:41:30-03:00,0 days 00:00:17
7384,732,-7.0,2021-11-03 08:41:49-03:00,0 days 00:00:19
7385,732,-7.0,2021-11-03 08:42:05-03:00,0 days 00:00:16
7386,732,-7.0,2021-11-03 08:42:23-03:00,0 days 00:00:18
7389,732,-5.0,2021-11-03 11:14:01-03:00,0 days 00:00:24
7397,732,-3.0,2021-11-03 14:01:56-03:00,0 days 00:01:43
7398,732,-3.0,2021-11-03 14:03:07-03:00,0 days 00:01:11
7399,732,-3.0,2021-11-03 14:04:31-03:00,0 days 00:01:24
7400,732,-3.0,2021-11-03 14:05:36-03:00,0 days 00:01:05
7401,732,-3.0,2021-11-03 14:07:17-03:00,0 days 00:01:41
7447,732,-8.0,2021-11-04 00:06:44-03:00,0 days 00:01:13
7448,732,-8.0,2021-11-04 00:07:39-03:00,0 days 00:00:55
7449,732,-8.0,2021-11-04 00:08:14-03:00,0 days 00:00:35
7450,732,-8.0,2021-11-04 00:08:54-03:00,0 days 00:00:40
7451,732,-8.0,2021-11-04 00:09:35-03:00,0 days 00:00:41
7452,732,-8.0,2021-11-04 00:10:07-03:00,0 days 00:00:32
7453,732,-8.0,2021-11-04 00:10:35-03:00,0 days 00:00:28
7454,732,-8.0,2021-11-04 00:11:03-03:00,0 days 00:00:28
7455,732,-8.0,2021-11-04 00:11:28-03:00,0 days 00:00:25
7462,732,-2.0,2021-11-04 10:53:58-03:00,0 days 00:00:18
7465,732,-9.0,2021-11-04 12:09:34-03:00,0 days 00:00:48
7466,732,-9.0,2021-11-04 12:10:00-03:00,0 days 00:00:26
7467,732,-9.0,2021-11-04 12:10:24-03:00,0 days 00:00:24
7468,732,-9.0,2021-11-04 12:10:54-03:00,0 days 00:00:30
7469,732,-9.0,2021-11-04 12:11:25-03:00,0 days 00:00:31
7471,732,-9.0,2021-11-04 12:11:53-03:00,0 days 00:00:28
7472,732,-9.0,2021-11-04 12:12:25-03:00,0 days 00:00:32
7473,732,-9.0,2021-11-04 12:12:59-03:00,0 days 00:00:34
7474,732,-9.0,2021-11-04 12:13:38-03:00,0 days 00:00:39
7475,732,-9.0,2021-11-04 12:14:08-03:00,0 days 00:00:30
7476,732,-3.0,2021-11-04 12:15:51-03:00,0 days 00:01:43
7491,732,-2.0,2021-11-04 23:09:08-03:00,0 days 00:01:18
7493,732,-2.0,2021-11-04 23:10:39-03:00,0 days 00:01:31
7494,732,-2.0,2021-11-04 23:11:26-03:00,0 days 00:00:47
7495,732,-2.0,2021-11-04 23:13:05-03:00,0 days 00:01:39
7496,732,-2.0,2021-11-04 23:14:14-03:00,0 days 00:01:09
7497,732,-2.0,2021-11-04 23:15:14-03:00,0 days 00:01:00
7498,732,-2.0,2021-11-04 23:16:33-03:00,0 days 00:01:19
7499,732,-2.0,2021-11-04 23:17:18-03:00,0 days 00:00:45
7500,732,-2.0,2021-11-04 23:19:05-03:00,0 days 00:01:47
7501,732,-2.0,2021-11-04 23:20:06-03:00,0 days 00:01:01
7502,732,-2.0,2021-11-04 23:21:34-03:00,0 days 00:01:28
7503,732,-2.0,2021-11-04 23:22:05-03:00,0 days 00:00:31
7504,732,-2.0,2021-11-04 23:22:38-03:00,0 days 00:00:33
7505,732,-2.0,2021-11-04 23:23:02-03:00,0 days 00:00:24
7520,732,-3.0,2021-11-05 12:32:37-03:00,0 days 00:00:23
7521,732,-3.0,2021-11-05 12:33:00-03:00,0 days 00:00:23
7522,732,-3.0,2021-11-05 12:33:26-03:00,0 days 00:00:26
7523,732,-3.0,2021-11-05 12:34:04-03:00,0 days 00:00:38
7524,732,-3.0,2021-11-05 12:34:33-03:00,0 days 00:00:29
7525,732,-3.0,2021-11-05 12:35:24-03:00,0 days 00:00:51
7526,732,-3.0,2021-11-05 12:36:00-03:00,0 days 00:00:36
7527,732,-3.0,2021-11-05 12:36:36-03:00,0 days 00:00:36
7528,732,-3.0,2021-11-05 12:37:12-03:00,0 days 00:00:36
7529,732,-3.0,2021-11-05 12:37:53-03:00,0 days 00:00:41
7530,732,-3.0,2021-11-05 12:39:16-03:00,0 days 00:01:23
7531,732,-3.0,2021-11-05 12:39:50-03:00,0 days 00:00:34
7532,732,-3.0,2021-11-05 12:40:44-03:00,0 days 00:00:54
7533,732,-3.0,2021-11-05 12:41:33-03:00,0 days 00:00:49
7534,732,-6.0,2021-11-05 12:43:11-03:00,0 days 00:01:38
7546,732,-2.0,2021-11-06 00:26:16-03:00,0 days 00:00:21
7547,732,-2.0,2021-11-06 00:26:37-03:00,0 days 00:00:21
7548,732,-2.0,2021-11-06 00:26:59-03:00,0 days 00:00:22
7549,732,-2.0,2021-11-06 00:27:22-03:00,0 days 00:00:23
7550,732,-2.0,2021-11-06 00:27:46-03:00,0 days 00:00:24
7551,732,-2.0,2021-11-06 00:28:09-03:00,0 days 00:00:23
7552,732,-2.0,2021-11-06 00:28:45-03:00,0 days 00:00:36
7553,732,-2.0,2021-11-06 00:29:36-03:00,0 days 00:00:51
7554,732,-2.0,2021-11-06 00:30:16-03:00,0 days 00:00:40
7555,732,-2.0,2021-11-06 00:31:06-03:00,0 days 00:00:50
7556,732,-2.0,2021-11-06 00:32:06-03:00,0 days 00:01:00
7594,732,-5.0,2021-11-07 01:14:54-03:00,0 days 00:00:24
7595,732,-5.0,2021-11-07 01:15:12-03:00,0 days 00:00:18
7596,732,-5.0,2021-11-07 01:15:39-03:00,0 days 00:00:27
7597,732,-5.0,2021-11-07 01:16:03-03:00,0 days 00:00:24
7598,732,-5.0,2021-11-07 01:16:34-03:00,0 days 00:00:31
7599,732,-5.0,2021-11-07 01:17:00-03:00,0 days 00:00:26
7600,732,-5.0,2021-11-07 01:17:35-03:00,0 days 00:00:35
7601,732,-5.0,2021-11-07 01:18:55-03:00,0 days 00:01:20
7602,732,-5.0,2021-11-07 01:19:31-03:00,0 days 00:00:36
7603,732,-5.0,2021-11-07 01:20:08-03:00,0 days 00:00:37
7618,732,-4.0,2021-11-07 12:58:50-03:00,0 days 00:00:23
7619,732,-4.0,2021-11-07 12:59:16-03:00,0 days 00:00:26
7620,732,-4.0,2021-11-07 13:00:04-03:00,0 days 00:00:48
7622,732,-4.0,2021-11-07 13:05:07-03:00,0 days 00:01:03
7623,732,-4.0,2021-11-07 13:06:11-03:00,0 days 00:01:04
7624,732,-4.0,2021-11-07 13:07:14-03:00,0 days 00:01:03
7684,732,-3.0,2021-11-08 23:09:00-03:00,0 days 00:01:20
7685,732,-3.0,2021-11-08 23:10:42-03:00,0 days 00:01:42
7687,732,-3.0,2021-11-09 00:51:12-03:00,0 days 00:01:52
7688,732,-3.0,2021-11-09 00:51:58-03:00,0 days 00:00:46
7689,732,-3.0,2021-11-09 00:53:29-03:00,0 days 00:01:31
7691,732,-3.0,2021-11-09 00:57:31-03:00,0 days 00:01:45
7692,732,-3.0,2021-11-09 00:59:10-03:00,0 days 00:01:39
7693,732,-3.0,2021-11-09 01:00:39-03:00,0 days 00:01:29
7694,732,-3.0,2021-11-09 01:02:12-03:00,0 days 00:01:33
7695,732,-3.0,2021-11-09 01:03:41-03:00,0 days 00:01:29
7696,732,-3.0,2021-11-09 01:05:35-03:00,0 days 00:01:54
7697,732,-3.0,2021-11-09 01:06:56-03:00,0 days 00:01:21
7712,732,-5.0,2021-11-09 17:54:54-03:00,0 days 00:00:14
7713,732,-5.0,2021-11-09 17:55:08-03:00,0 days 00:00:14
7714,732,-5.0,2021-11-09 17:55:22-03:00,0 days 00:00:14
7715,732,-5.0,2021-11-09 17:56:35-03:00,0 days 00:01:13
7716,732,-5.0,2021-11-09 17:58:17-03:00,0 days 00:01:42
5301,737,-2.0,2021-09-18 09:56:45-03:00,0 days 00:01:43
5317,737,-2.0,2021-09-18 21:14:08-03:00,0 days 00:00:59
5339,737,-1.0,2021-09-20 09:23:28-03:00,0 days 00:00:28
5340,737,-1.0,2021-09-20 09:24:46-03:00,0 days 00:01:18
5341,737,-1.0,2021-09-20 09:25:21-03:00,0 days 00:00:35
5343,737,-2.0,2021-09-20 11:36:42-03:00,0 days 00:00:28
5344,737,-2.0,2021-09-20 11:37:28-03:00,0 days 00:00:46
5374,737,-1.0,2021-09-21 16:15:11-03:00,0 days 00:00:52
5376,737,-1.0,2021-09-21 16:18:50-03:00,0 days 00:00:29
5379,737,-1.0,2021-09-21 17:53:15-03:00,0 days 00:00:47
5391,737,-2.0,2021-09-22 06:37:04-03:00,0 days 00:01:42
5392,737,-1.0,2021-09-22 06:37:32-03:00,0 days 00:00:28
5393,737,-11.0,2021-09-22 06:38:01-03:00,0 days 00:00:29
5395,737,-1.0,2021-09-22 09:23:56-03:00,0 days 00:00:29
5396,737,-1.0,2021-09-22 09:24:22-03:00,0 days 00:00:26
5407,737,-1.0,2021-09-22 14:48:59-03:00,0 days 00:00:28
5433,737,-1.0,2021-09-22 21:59:19-03:00,0 days 00:00:33
5574,737,-1.8,2021-09-24 06:28:29-03:00,0 days 00:01:04
5576,737,-1.0,2021-09-24 06:59:02-03:00,0 days 00:00:32
5577,737,-1.0,2021-09-24 06:59:27-03:00,0 days 00:00:25
5579,737,-2.0,2021-09-24 07:02:46-03:00,0 days 00:00:51
5642,737,-1.0,2021-09-25 06:19:14-03:00,0 days 00:00:46
5643,737,-1.0,2021-09-25 06:19:44-03:00,0 days 00:00:30
5644,737,-1.0,2021-09-25 06:20:47-03:00,0 days 00:01:03
5645,737,-1.0,2021-09-25 06:22:01-03:00,0 days 00:01:14
5646,737,-1.0,2021-09-25 06:22:33-03:00,0 days 00:00:32
5647,737,-1.0,2021-09-25 06:23:27-03:00,0 days 00:00:54
5648,737,-1.0,2021-09-25 06:24:05-03:00,0 days 00:00:38
5649,737,-1.0,2021-09-25 06:24:32-03:00,0 days 00:00:27
5650,737,-1.0,2021-09-25 06:25:25-03:00,0 days 00:00:53
5651,737,-1.0,2021-09-25 06:27:13-03:00,0 days 00:01:48
5690,737,-1.0,2021-09-25 18:49:04-03:00,0 days 00:01:18
5691,737,-1.0,2021-09-25 18:49:28-03:00,0 days 00:00:24
5711,737,-2.0,2021-09-26 08:52:44-03:00,0 days 00:00:53
5712,737,-2.0,2021-09-26 08:53:32-03:00,0 days 00:00:48
5723,737,-2.0,2021-09-26 11:07:31-03:00,0 days 00:01:41
5836,737,-10.0,2021-09-28 12:18:52-03:00,0 days 00:00:55
5974,737,-5.0,2021-09-30 16:08:03-03:00,0 days 00:01:10
6081,737,-2.0,2021-10-03 11:43:02-03:00,0 days 00:00:27
6083,737,-2.0,2021-10-03 11:44:26-03:00,0 days 00:01:24
6085,737,-2.0,2021-10-03 11:47:39-03:00,0 days 00:00:43
6339,737,-2.0,2021-10-09 18:06:01-03:00,0 days 00:00:48
6340,737,-2.0,2021-10-09 18:06:31-03:00,0 days 00:00:30
6341,737,-5.0,2021-10-09 18:07:13-03:00,0 days 00:00:42
6353,737,-5.0,2021-10-10 12:43:41-03:00,0 days 00:00:41
6379,737,-2.0,2021-10-10 18:05:28-03:00,0 days 00:00:59
6397,737,-2.0,2021-10-11 19:49:05-03:00,0 days 00:00:19
6506,737,-2.0,2021-10-14 10:37:39-03:00,0 days 00:00:26
6597,737,-2.0,2021-10-16 18:06:00-03:00,0 days 00:00:33
6598,737,-2.0,2021-10-16 18:06:20-03:00,0 days 00:00:20
6645,737,-2.0,2021-10-17 17:17:56-03:00,0 days 00:01:12
6924,737,-2.0,2021-10-24 10:00:48-03:00,0 days 00:00:15
6925,737,-2.0,2021-10-24 10:01:07-03:00,0 days 00:00:19
6926,737,-2.0,2021-10-24 10:01:23-03:00,0 days 00:00:16
6997,737,-2.0,2021-10-25 17:22:32-03:00,0 days 00:01:16
7086,737,-2.0,2021-10-27 15:12:43-03:00,0 days 00:00:30
7087,737,-5.0,2021-10-27 15:13:30-03:00,0 days 00:00:47
7423,737,-2.0,2021-11-03 17:03:38-03:00,0 days 00:00:49
7424,737,-2.0,2021-11-03 17:04:09-03:00,0 days 00:00:31
7425,737,-2.0,2021-11-03 17:04:37-03:00,0 days 00:00:28
7426,737,-2.0,2021-11-03 17:04:50-03:00,0 days 00:00:13
7565,737,-2.0,2021-11-06 12:23:58-03:00,0 days 00:01:05
5502,741,-2.0,2021-09-23 13:46:28-03:00,0 days 00:01:40
5503,741,-2.0,2021-09-23 13:48:24-03:00,0 days 00:01:56
5504,741,-2.0,2021-09-23 13:49:29-03:00,0 days 00:01:05
5505,741,-2.0,2021-09-23 13:50:51-03:00,0 days 00:01:22
5506,741,-2.0,2021-09-23 13:52:30-03:00,0 days 00:01:39
5508,741,-2.0,2021-09-23 13:56:28-03:00,0 days 00:01:50
5509,741,-2.0,2021-09-23 13:57:37-03:00,0 days 00:01:09
5510,741,-2.0,2021-09-23 13:59:00-03:00,0 days 00:01:23
5532,741,-2.0,2021-09-23 18:05:40-03:00,0 days 00:01:44
5582,741,-2.0,2021-09-24 12:51:15-03:00,0 days 00:01:14
5583,741,-2.0,2021-09-24 12:52:35-03:00,0 days 00:01:20
5584,741,-2.0,2021-09-24 12:54:04-03:00,0 days 00:01:29
5585,741,-2.0,2021-09-24 12:55:58-03:00,0 days 00:01:54
5924,741,-2.0,2021-09-29 18:49:15-03:00,0 days 00:01:12
5925,741,-2.0,2021-09-29 18:50:22-03:00,0 days 00:01:07
8612,910,-2.0,2022-01-19 17:13:26-03:00,0 days 00:00:30
8610,910,-2.0,2022-01-19 17:13:56-03:00,0 days 00:00:30
8609,910,-2.0,2022-01-19 17:14:26-03:00,0 days 00:00:30
8608,910,-2.0,2022-01-19 17:14:56-03:00,0 days 00:00:30
8607,910,-2.0,2022-01-19 17:15:26-03:00,0 days 00:00:30
